snr_db,probe_evm_percent,probe_ber,packet_error_rate,qpsk_ber,qam16_ber,qam64_ber,selected_modulation,selected_bits_per_symbol
6.82008067401509,44.29962203493631,0.015625,1.0,0.0140625,0.115234375,0.22578125000000004,QPSK,2
14.497117404219384,19.362501701008508,0.0,0.0,0.0,0.007421875,0.07239583333333334,16QAM,4
1.631769437914623,83.75287552396637,0.11197916666666667,1.0,0.11328125,0.253125,0.33124999999999993,QPSK,2
1.957879311738523,85.83402347167586,0.11458333333333333,1.0,0.11796875,0.22578125,0.3294270833333333,QPSK,2
11.38519471725674,25.214223874344597,0.0,0.0,0.0,0.033203125,0.12109374999999997,QPSK,2
20.703734624978722,8.958971998574121,0.0,0.0,0.0,0.0,0.005729166666666666,64QAM,6
12.671299553090625,23.96917977358444,0.0,0.0,0.0,0.0171875,0.09765625,QPSK,2
24.688225505983368,5.832288907198788,0.0,0.0,0.0,0.0,0.0,64QAM,6
16.0521271173925,15.220318936602538,0.0,0.0,0.0,0.0015625,0.0515625,16QAM,4
10.22787326598629,30.284548012118904,0.0,0.0,0.0015625,0.052734375,0.14999999999999997,QPSK,2
3.465507165064723,67.3431390046245,0.059895833333333336,1.0,0.0703125,0.192578125,0.3052083333333333,QPSK,2
10.205925587418754,30.85448375910986,0.0026041666666666665,0.3333333333333333,0.0,0.051171875,0.1505208333333333,QPSK,2
15.673481034792555,18.083367621136162,0.0,0.0,0.0,0.001171875,0.055989583333333336,16QAM,4
3.8007512546517686,67.11632858726638,0.078125,1.0,0.0640625,0.20390625,0.29453125,QPSK,2
27.381795387406108,4.444532825723054,0.0,0.0,0.0,0.0,0.0,64QAM,6
4.785790188609781,55.884429296585246,0.0390625,1.0,0.04453125,0.1703125,0.2619791666666666,QPSK,2
5.603137732200194,55.000739237115695,0.033854166666666664,1.0,0.01640625,0.148046875,0.23697916666666669,QPSK,2
28.700850924964193,3.6017580533235503,0.0,0.0,0.0,0.0,0.0,64QAM,6
13.727224710174271,21.655832745196154,0.0,0.0,0.0,0.005859375,0.08020833333333335,16QAM,4
4.975936326870549,54.18565601262012,0.044270833333333336,1.0,0.04296875,0.17265625,0.26171875000000006,QPSK,2
0.9102366810440732,88.65747451112266,0.12760416666666666,1.0,0.1203125,0.260546875,0.34322916666666664,QPSK,2
10.131156904751048,32.09084108412465,0.0,0.0,0.00078125,0.057421875,0.14947916666666666,QPSK,2
27.306907557525662,4.4452644073145855,0.0,0.0,0.0,0.0,0.0,64QAM,6
26.711099058294362,4.836934449349716,0.0,0.0,0.0,0.0,0.0,64QAM,6
15.15712570022739,17.429925730953475,0.0,0.0,0.0,0.005078125,0.05963541666666668,16QAM,4
17.5398133885015,12.890040428905634,0.0,0.0,0.0,0.00078125,0.03359375,16QAM,4
13.5218100077056,20.566559282552422,0.0,0.0,0.0,0.01171875,0.08750000000000001,QPSK,2
3.508114480638076,68.0970760241619,0.052083333333333336,1.0,0.05703125,0.204296875,0.29192708333333334,QPSK,2
13.162408685495445,21.561603761933615,0.0,0.0,0.0,0.01484375,0.10651041666666668,QPSK,2
4.881412120676943,56.031591155900564,0.033854166666666664,1.0,0.03828125,0.171484375,0.26119791666666664,QPSK,2
3.019496666540382,69.04679402679315,0.059895833333333336,1.0,0.084375,0.204296875,0.309375,QPSK,2
8.45942481378228,38.30228256141968,0.0,0.0,0.00390625,0.095703125,0.17916666666666664,QPSK,2
3.9077750249129464,63.516526613223675,0.06510416666666667,1.0,0.0421875,0.191796875,0.2815104166666667,QPSK,2
27.52748345069679,4.186855106114136,0.0,0.0,0.0,0.0,0.0,64QAM,6
28.82155068474048,3.82433212797867,0.0,0.0,0.0,0.0,0.0,64QAM,6
26.027845623222895,5.425286067240301,0.0,0.0,0.0,0.0,0.0,64QAM,6
7.1485501472133075,43.6392279555221,0.005208333333333333,0.6666666666666666,0.01015625,0.121484375,0.21145833333333336,QPSK,2
13.937033295325968,19.42029040124765,0.0,0.0,0.0,0.012109375,0.08828125,QPSK,2
15.20786820559836,16.65571371211567,0.0,0.0,0.0,0.003515625,0.06770833333333334,16QAM,4
1.1608523616289768,84.36420483676619,0.12239583333333333,1.0,0.12109375,0.24765625,0.3455729166666667,QPSK,2
19.747011914408972,10.818480235408973,0.0,0.0,0.0,0.0,0.0078125,64QAM,6
19.78523387055764,10.708011175303781,0.0,0.0,0.0,0.0,0.011458333333333333,16QAM,4
15.52172337356933,16.261959750955235,0.0,0.0,0.0,0.002734375,0.059895833333333336,16QAM,4
3.6410714865995084,65.10209722904715,0.0859375,1.0,0.05546875,0.2,0.28515625000000006,QPSK,2
2.1444725166841705,76.83945029499678,0.09375,1.0,0.1078125,0.243359375,0.32552083333333337,QPSK,2
28.022215690686412,3.691070198697983,0.0,0.0,0.0,0.0,0.0,64QAM,6
3.2160352627771136,70.74343377229197,0.0859375,1.0,0.0609375,0.211328125,0.2979166666666667,QPSK,2
14.3731801593349,19.019224214025563,0.0,0.0,0.0,0.005859375,0.07786458333333333,16QAM,4
3.5748442006552104,63.43710445047554,0.049479166666666664,1.0,0.06796875,0.203125,0.29713541666666665,QPSK,2
21.583398929176056,8.433062047418844,0.0,0.0,0.0,0.0,0.003645833333333333,64QAM,6
16.307008082524476,15.035006330986517,0.0,0.0,0.0,0.0015625,0.04166666666666667,16QAM,4
9.121139921262321,34.394916626940955,0.0,0.0,0.0015625,0.077734375,0.18046875,QPSK,2
4.411659214727739,60.25973520883318,0.036458333333333336,1.0,0.0421875,0.175,0.2875,QPSK,2
24.852237857398386,5.633100832215109,0.0,0.0,0.0,0.0,0.0,64QAM,6
11.173497204964136,28.87597230509215,0.0,0.0,0.0,0.04375,0.13203125,QPSK,2
17.958214778985578,12.320449887534206,0.0,0.0,0.0,0.000390625,0.025260416666666667,16QAM,4
18.155964098601196,11.562573352313969,0.0,0.0,0.0,0.000390625,0.022916666666666665,16QAM,4
1.4010616229324857,82.34552849966201,0.109375,1.0,0.1359375,0.23984375,0.3328125,QPSK,2
0.35772186317220456,99.18749803622693,0.1640625,1.0,0.14453125,0.280859375,0.35234375000000007,QPSK,2
24.567554792668414,6.27094901480902,0.0,0.0,0.0,0.0,0.0,64QAM,6
7.398673012481876,42.54269158345371,0.010416666666666666,1.0,0.009375,0.116015625,0.21927083333333336,QPSK,2
20.178714495221133,9.758722126692945,0.0,0.0,0.0,0.0,0.003645833333333333,64QAM,6
18.276994743870652,12.20685173530236,0.0,0.0,0.0,0.0,0.023697916666666666,16QAM,4
25.614220174050647,5.450260442145502,0.0,0.0,0.0,0.0,0.0,64QAM,6
22.647128548211214,7.197387783886964,0.0,0.0,0.0,0.0,0.0,64QAM,6
1.3796027092659169,87.82794037561669,0.10677083333333333,1.0,0.115625,0.243359375,0.32890625000000007,QPSK,2
27.40669067523693,4.045759646483283,0.0,0.0,0.0,0.0,0.0,64QAM,6
19.7193070390789,10.58024722323733,0.0,0.0,0.0,0.0,0.009375,64QAM,6
27.093652860978047,4.400060729241439,0.0,0.0,0.0,0.0,0.0,64QAM,6
12.4203177610829,24.66004053295883,0.0,0.0,0.0,0.023828125,0.11458333333333333,QPSK,2
4.672304258103667,58.12702178520922,0.0390625,1.0,0.03828125,0.17265625,0.27447916666666666,QPSK,2
3.8568362446497084,65.79042803444878,0.0625,1.0,0.059375,0.2,0.278125,QPSK,2
10.515995791474955,28.87462896102115,0.0,0.0,0.0,0.051953125,0.13645833333333332,QPSK,2
13.514900348782852,20.451415604942525,0.0,0.0,0.0,0.01484375,0.08463541666666666,QPSK,2
4.673329967812238,59.620796622247596,0.044270833333333336,1.0,0.04453125,0.159375,0.2690104166666667,QPSK,2
0.6619152723618515,96.20832192612205,0.16145833333333334,1.0,0.128125,0.273046875,0.3377604166666667,QPSK,2
9.152746515575533,33.80156324675944,0.0026041666666666665,0.3333333333333333,0.003125,0.07265625,0.16093749999999998,QPSK,2
26.892888382040358,4.6199995225637664,0.0,0.0,0.0,0.0,0.0,64QAM,6
1.1034656813293064,87.74759012907006,0.13802083333333334,1.0,0.134375,0.250390625,0.3515625,QPSK,2
8.307014424241332,39.14035803909735,0.005208333333333333,0.6666666666666666,0.0046875,0.097265625,0.18463541666666666,QPSK,2
9.632635020453733,32.44018844071803,0.0026041666666666665,0.3333333333333333,0.0015625,0.0671875,0.15286458333333333,QPSK,2
26.918656750245525,4.8529745665941615,0.0,0.0,0.0,0.0,0.0,64QAM,6
20.231530228565802,9.767002801783391,0.0,0.0,0.0,0.0,0.005989583333333334,64QAM,6
28.021882120761223,3.6888662968422894,0.0,0.0,0.0,0.0,0.0,64QAM,6
29.15822826423029,3.4432545298856283,0.0,0.0,0.0,0.0,0.0,64QAM,6
29.435862869928506,3.4485724994953997,0.0,0.0,0.0,0.0,0.0,64QAM,6
1.1412066576391822,91.23965400061556,0.13802083333333334,1.0,0.11875,0.25234375,0.33463541666666663,QPSK,2
18.195132850844885,12.2017491356703,0.0,0.0,0.0,0.0,0.023697916666666666,16QAM,4
0.1857755423025309,100.44279752097027,0.15104166666666666,1.0,0.1328125,0.283984375,0.3471354166666667,QPSK,2
0.9673408185804377,91.08253910901455,0.15104166666666666,1.0,0.13515625,0.27265625,0.34010416666666665,QPSK,2
4.5874088197504035,59.86689813427161,0.028645833333333332,1.0,0.0375,0.177734375,0.2713541666666667,QPSK,2
9.93046002916828,32.62326285753524,0.0,0.0,0.00078125,0.05859375,0.1515625,QPSK,2
0.4291471938713509,93.68461771537348,0.14322916666666666,1.0,0.14140625,0.278515625,0.35442708333333334,QPSK,2
1.879703889858193,78.69049018816044,0.13802083333333334,1.0,0.11328125,0.225,0.3169270833333333,QPSK,2
13.659356450467824,21.453830069707333,0.0,0.0,0.0,0.0109375,0.08802083333333334,QPSK,2
28.59371828191618,3.4634510937836085,0.0,0.0,0.0,0.0,0.0,64QAM,6
18.728573217705577,11.464089487418793,0.0,0.0,0.0,0.0,0.01484375,16QAM,4
7.818897913412501,41.517870831783114,0.0078125,1.0,0.01015625,0.096875,0.19192708333333336,QPSK,2
24.22004301615586,6.31429018885181,0.0,0.0,0.0,0.0,0.00026041666666666666,64QAM,6
7.7013999950917995,41.973666902825244,0.013020833333333334,1.0,0.00703125,0.1015625,0.19921875000000003,QPSK,2
21.73909151403661,8.20256646277862,0.0,0.0,0.0,0.0,0.0033854166666666663,64QAM,6
19.43871281445811,10.424196196596132,0.0,0.0,0.0,0.0,0.013541666666666665,16QAM,4
19.0257188420972,10.888056409445184,0.0,0.0,0.0,0.0,0.017968750000000002,16QAM,4
23.825627985446868,6.598557661519995,0.0,0.0,0.0,0.0,0.0005208333333333333,64QAM,6
28.35758131953315,3.6376868359443066,0.0,0.0,0.0,0.0,0.0,64QAM,6
4.091743883824954,60.229120285330005,0.059895833333333336,1.0,0.05390625,0.18515625,0.2783854166666667,QPSK,2
27.45331632838279,4.184326759213744,0.0,0.0,0.0,0.0,0.0,64QAM,6
29.867070253995625,3.1266872112185915,0.0,0.0,0.0,0.0,0.0,64QAM,6
17.114598496412817,13.4684983459434,0.0,0.0,0.0,0.000390625,0.03072916666666666,16QAM,4
2.144945594568167,80.24956674803285,0.09375,1.0,0.09453125,0.227734375,0.32552083333333337,QPSK,2
25.445592912782846,5.397186182730931,0.0,0.0,0.0,0.0,0.0,64QAM,6
4.870267238217742,56.587729694063945,0.03125,1.0,0.03671875,0.166796875,0.26484375,QPSK,2
3.451970739849787,69.09133620005382,0.0859375,1.0,0.06171875,0.199609375,0.28828125,QPSK,2
8.04922264527711,38.90367283438361,0.0026041666666666665,0.3333333333333333,0.0078125,0.096875,0.18932291666666665,QPSK,2
14.205778579339372,18.374431683430988,0.0,0.0,0.0,0.0078125,0.08229166666666668,16QAM,4
10.233947626808382,31.889962913044666,0.0,0.0,0.0,0.058984375,0.14557291666666666,QPSK,2
10.383624055522041,27.421290520784613,0.0,0.0,0.0015625,0.058203125,0.15078124999999998,QPSK,2
6.224244492752934,52.299196497215824,0.028645833333333332,1.0,0.01484375,0.134375,0.23958333333333334,QPSK,2
6.269284069727137,48.313673826774725,0.0234375,1.0,0.0140625,0.14453125,0.22864583333333335,QPSK,2
1.1193352611012242,79.35837212211538,0.09635416666666667,1.0,0.1078125,0.25703125,0.34765624999999994,QPSK,2
6.355234406549134,47.59501527567818,0.015625,1.0,0.02109375,0.14140625,0.22708333333333336,QPSK,2
17.877396843805297,11.932963435680666,0.0,0.0,0.0,0.0,0.023958333333333335,16QAM,4
22.946114689624135,6.954879966131529,0.0,0.0,0.0,0.0,0.00078125,64QAM,6
24.599800428213744,6.00065766670771,0.0,0.0,0.0,0.0,0.0,64QAM,6
21.732806284690636,7.855804320362068,0.0,0.0,0.0,0.0,0.0018229166666666665,64QAM,6
16.00793892489783,16.97272951818992,0.0,0.0,0.0,0.002734375,0.043229166666666666,16QAM,4
4.725067521963223,61.49482873545452,0.044270833333333336,1.0,0.05390625,0.165234375,0.2708333333333333,QPSK,2
17.761729121556076,12.457176798832482,0.0,0.0,0.0,0.0,0.02708333333333333,16QAM,4
22.465203512352204,7.352680258815797,0.0,0.0,0.0,0.0,0.0010416666666666667,64QAM,6
26.482479250598296,4.68197018988222,0.0,0.0,0.0,0.0,0.0,64QAM,6
29.189309532266687,3.562780637425548,0.0,0.0,0.0,0.0,0.0,64QAM,6
28.184570149677874,3.8968464403226313,0.0,0.0,0.0,0.0,0.0,64QAM,6
27.68135540583105,4.357656295755602,0.0,0.0,0.0,0.0,0.0,64QAM,6
29.12160460687283,3.523152133632278,0.0,0.0,0.0,0.0,0.0,64QAM,6
23.37764214681075,6.608132455542353,0.0,0.0,0.0,0.0,0.00026041666666666666,64QAM,6
11.643098746743815,25.884093755817055,0.0,0.0,0.00078125,0.0375,0.12265625,QPSK,2
20.629817919082104,9.540985304293457,0.0,0.0,0.0,0.0,0.007291666666666666,64QAM,6
13.067211809254589,22.409269429400513,0.0,0.0,0.0,0.01484375,0.09609375,QPSK,2
18.47649749477194,11.929253136299273,0.0,0.0,0.0,0.0,0.018749999999999996,16QAM,4
23.042923249469933,7.242065584912259,0.0,0.0,0.0,0.0,0.0,64QAM,6
15.234303258949634,16.844480035233833,0.0,0.0,0.0,0.004296875,0.05703125000000001,16QAM,4
23.510754698667444,6.601603598264001,0.0,0.0,0.0,0.0,0.00078125,64QAM,6
17.36624560899904,13.588293443569842,0.0,0.0,0.0,0.000390625,0.02890625,16QAM,4
4.672638365293001,57.34835572575062,0.0234375,1.0,0.05,0.182421875,0.265625,QPSK,2
4.979008195788439,54.73751731078269,0.026041666666666668,1.0,0.04453125,0.171875,0.2497395833333333,QPSK,2
16.96690603731678,14.076873451791275,0.0,0.0,0.0,0.001171875,0.04192708333333333,16QAM,4
4.092295935484617,60.540153032430396,0.044270833333333336,1.0,0.05,0.1828125,0.2734375,QPSK,2
4.264316494738337,61.83072331039483,0.06510416666666667,1.0,0.04296875,0.181640625,0.26718749999999997,QPSK,2
26.809599891264575,4.584623214332126,0.0,0.0,0.0,0.0,0.0,64QAM,6
16.478859333987945,15.27650021479772,0.0,0.0,0.0,0.000390625,0.04401041666666666,16QAM,4
14.917137801540012,20.170744955441315,0.0,0.0,0.0,0.00234375,0.06015625,16QAM,4
3.2580030036190477,67.27623466845003,0.0703125,1.0,0.078125,0.212109375,0.30338541666666663,QPSK,2
14.508661899510415,19.7088850177787,0.0,0.0,0.0,0.009375,0.06640625,16QAM,4
17.499489415040994,12.980421718325697,0.0,0.0,0.0,0.001953125,0.027343750000000007,16QAM,4
9.839645590494369,30.725210143004727,0.0026041666666666665,0.3333333333333333,0.00078125,0.06328125,0.15651041666666665,QPSK,2
28.098582985837798,4.048433416375607,0.0,0.0,0.0,0.0,0.0,64QAM,6
6.422114840333085,48.66572922607933,0.0078125,0.6666666666666666,0.02265625,0.1296875,0.2197916666666667,QPSK,2
25.095867025502777,5.804318575436257,0.0,0.0,0.0,0.0,0.0,64QAM,6
19.020761972491975,11.272359411417456,0.0,0.0,0.0,0.0,0.015625,16QAM,4
24.84089322077441,5.412708210561337,0.0,0.0,0.0,0.0,0.0,64QAM,6
18.114868841736385,11.479214256857235,0.0,0.0,0.0,0.000390625,0.02890625,16QAM,4
9.426132850364883,33.259118513766246,0.0,0.0,0.00078125,0.06328125,0.17369791666666667,QPSK,2
7.629801774947101,43.01822003052276,0.010416666666666666,0.6666666666666666,0.01015625,0.106640625,0.21197916666666666,QPSK,2
29.15942346488863,3.5720880249410683,0.0,0.0,0.0,0.0,0.0,64QAM,6
19.545117634123788,9.678736848023815,0.0,0.0,0.0,0.0,0.011979166666666667,16QAM,4
10.660176867020784,27.950854910234963,0.0,0.0,0.0,0.04921875,0.12942708333333336,QPSK,2
18.11367927251347,12.198704019910812,0.0,0.0,0.0,0.0,0.02421875,16QAM,4
22.5770024218117,7.3659425750543805,0.0,0.0,0.0,0.0,0.00078125,64QAM,6
2.5078349579750836,77.33635860652849,0.10677083333333333,1.0,0.10546875,0.225390625,0.3052083333333333,QPSK,2
3.6306109124582973,70.12092743374353,0.0703125,1.0,0.0671875,0.19921875,0.2828125,QPSK,2
19.92775220759633,10.28767055423296,0.0,0.0,0.0,0.0,0.005989583333333333,64QAM,6
9.403255254410292,34.93329798615634,0.0026041666666666665,0.3333333333333333,0.0015625,0.071875,0.17005208333333333,QPSK,2
22.106209996773796,7.789953249637205,0.0,0.0,0.0,0.0,0.0015624999999999999,64QAM,6
22.411758504275557,7.435336945824818,0.0,0.0,0.0,0.0,0.0005208333333333333,64QAM,6
21.54093485844978,7.808036220512622,0.0,0.0,0.0,0.0,0.0026041666666666665,64QAM,6
13.455879558304247,21.017107289011523,0.0,0.0,0.0,0.0125,0.08463541666666666,QPSK,2
10.306330977342054,31.04639644218296,0.0,0.0,0.00078125,0.05078125,0.14713541666666666,QPSK,2
28.011883633318387,4.191658500439533,0.0,0.0,0.0,0.0,0.0,64QAM,6
2.4415157700111543,74.38659593928477,0.0859375,1.0,0.0953125,0.22265625,0.31875,QPSK,2
29.20579064178494,3.382292099770489,0.0,0.0,0.0,0.0,0.0,64QAM,6
13.999961069763929,19.852279966076246,0.0,0.0,0.0,0.0078125,0.08750000000000001,16QAM,4
24.194379087394104,5.748755456486989,0.0,0.0,0.0,0.0,0.0,64QAM,6
18.47768794091248,11.058565894717006,0.0,0.0,0.0,0.0,0.01796875,16QAM,4
22.14094365982918,7.301545542886906,0.0,0.0,0.0,0.0,0.0010416666666666667,64QAM,6
22.44286575673818,7.36018598106302,0.0,0.0,0.0,0.0,0.0015625,64QAM,6
23.90697348486921,6.4519471965996615,0.0,0.0,0.0,0.0,0.0,64QAM,6
19.59183906416413,10.385150411123778,0.0,0.0,0.0,0.000390625,0.013020833333333332,16QAM,4
1.073938933800651,95.30420816746667,0.1484375,1.0,0.14296875,0.265625,0.3424479166666667,QPSK,2
4.694181535699492,60.6120457280359,0.044270833333333336,1.0,0.034375,0.173828125,0.2666666666666667,QPSK,2
26.041714507487228,4.965863403629075,0.0,0.0,0.0,0.0,0.0,64QAM,6
10.395915916262094,31.25441623876849,0.0,0.0,0.0,0.055078125,0.146875,QPSK,2
5.185507271317354,55.28264083108091,0.036458333333333336,1.0,0.0296875,0.1625,0.25494791666666666,QPSK,2
26.974609773165376,4.445660756807598,0.0,0.0,0.0,0.0,0.0,64QAM,6
22.04788568577662,8.12969592667213,0.0,0.0,0.0,0.0,0.0013020833333333333,64QAM,6
18.823377148559793,11.043167959936884,0.0,0.0,0.0,0.0,0.012239583333333335,16QAM,4
17.480179070516236,14.190650786226785,0.0,0.0,0.0,0.00078125,0.030989583333333338,16QAM,4
14.416273620384464,19.541738740632823,0.0,0.0,0.0,0.007421875,0.08125000000000002,16QAM,4
29.415631261650393,3.3980854204604762,0.0,0.0,0.0,0.0,0.0,64QAM,6
12.51183564140189,22.533598304173005,0.0,0.0,0.0,0.022265625,0.10182291666666668,QPSK,2
29.120638427396564,3.5203574487997438,0.0,0.0,0.0,0.0,0.0,64QAM,6
0.12826283218444257,97.3873174581589,0.1484375,1.0,0.16015625,0.28203125,0.3565104166666667,QPSK,2
17.231610063323828,13.712824952304539,0.0,0.0,0.0,0.001171875,0.03411458333333334,16QAM,4
7.69547739986252,42.30999553131562,0.013020833333333334,1.0,0.01015625,0.1015625,0.20572916666666666,QPSK,2
20.549448893646822,9.43167941439329,0.0,0.0,0.0,0.0,0.005989583333333333,64QAM,6
17.074935770606984,13.906737908713426,0.0,0.0,0.0,0.000390625,0.03203125,16QAM,4
15.603855803654293,16.69271284088303,0.0,0.0,0.0,0.00234375,0.05963541666666666,16QAM,4
7.215689359624475,43.061193208034325,0.015625,1.0,0.0109375,0.106640625,0.22578125000000004,QPSK,2
2.7559613843025463,71.7732002448912,0.07552083333333333,1.0,0.08828125,0.197265625,0.3221354166666667,QPSK,2
18.807776940541324,10.955734192591587,0.0,0.0,0.0,0.0,0.015625,16QAM,4
4.504729479480199,59.09530833786625,0.033854166666666664,1.0,0.053125,0.178125,0.2692708333333333,QPSK,2
3.866024048972797,66.40533386503938,0.07552083333333333,1.0,0.0671875,0.201171875,0.28125,QPSK,2
10.847110441183217,29.174569976763358,0.0,0.0,0.0,0.040234375,0.140625,QPSK,2
17.601406519285952,13.08906150356034,0.0,0.0,0.0,0.0,0.025,16QAM,4
29.855030941138565,3.1349308008244954,0.0,0.0,0.0,0.0,0.0,64QAM,6
14.897688729586656,18.7121555992515,0.0,0.0,0.0,0.005078125,0.06276041666666667,16QAM,4
8.619561326647574,37.997576413900624,0.0,0.0,0.00390625,0.0828125,0.17005208333333335,QPSK,2
12.330084719744594,22.981572211959246,0.0,0.0,0.0,0.022265625,0.10442708333333332,QPSK,2
11.385846367332624,25.86133933595786,0.0,0.0,0.0,0.04140625,0.11432291666666668,QPSK,2
5.792512971489824,50.31865417730672,0.033854166666666664,1.0,0.02890625,0.134375,0.2375,QPSK,2
19.126649722954806,10.732693550027756,0.0,0.0,0.0,0.000390625,0.013541666666666665,16QAM,4
0.4327394369065274,98.24654075243822,0.15104166666666666,1.0,0.146875,0.27265625,0.35,QPSK,2
4.055109432737232,62.62100264850597,0.0703125,1.0,0.0578125,0.172265625,0.28802083333333334,QPSK,2
1.5086080439337102,81.60696714696705,0.09895833333333333,1.0,0.11640625,0.265234375,0.3377604166666667,QPSK,2
4.377097999642229,60.22774237558188,0.046875,1.0,0.0453125,0.165234375,0.2830729166666667,QPSK,2
28.687233592947365,3.733632616676661,0.0,0.0,0.0,0.0,0.0,64QAM,6
13.238406445951926,22.0564394951126,0.0,0.0,0.0,0.015234375,0.09322916666666667,QPSK,2
3.6186070519314075,62.177566166072054,0.049479166666666664,1.0,0.07265625,0.19765625,0.28671875,QPSK,2
13.132660202628848,21.434235183705432,0.0,0.0,0.0,0.021875,0.09374999999999999,QPSK,2
26.069261373713704,4.831103016870456,0.0,0.0,0.0,0.0,0.0,64QAM,6
7.285062096980049,42.37113662753669,0.005208333333333333,0.6666666666666666,0.0109375,0.1203125,0.2109375,QPSK,2
19.365222633491978,11.226481155150179,0.0,0.0,0.0,0.0,0.01484375,16QAM,4
6.1552938154708015,49.071732526556694,0.028645833333333332,1.0,0.01796875,0.132421875,0.24062500000000003,QPSK,2
15.762035409348359,16.374747366230167,0.0,0.0,0.0,0.0015625,0.05755208333333334,16QAM,4
15.33093754772788,16.75604962447411,0.0,0.0,0.0,0.001171875,0.057291666666666664,16QAM,4
4.082582852602169,62.5013824251108,0.057291666666666664,1.0,0.06171875,0.20078125,0.271875,QPSK,2
24.939673748811952,6.029523785148854,0.0,0.0,0.0,0.0,0.0,64QAM,6
16.329391298185882,15.659924176550124,0.0,0.0,0.0,0.001171875,0.04114583333333333,16QAM,4
1.703714806866623,83.08859023467014,0.1484375,1.0,0.121875,0.258984375,0.3356770833333333,QPSK,2
10.288208964557107,30.449863054032956,0.0026041666666666665,0.3333333333333333,0.0,0.051953125,0.14192708333333331,QPSK,2
19.138695305127783,10.69953167731012,0.0,0.0,0.0,0.0,0.016145833333333335,16QAM,4
13.432163526629896,21.773511327442122,0.0,0.0,0.0,0.015234375,0.08776041666666666,QPSK,2
2.8029743561060796,70.79681825046107,0.07291666666666667,1.0,0.0703125,0.215234375,0.29635416666666664,QPSK,2
8.560629159539143,34.54529980655711,0.0,0.0,0.00078125,0.093359375,0.19036458333333334,QPSK,2
3.351468941552204,68.17179165222048,0.059895833333333336,1.0,0.0625,0.193359375,0.29791666666666666,QPSK,2
16.279636146108334,15.659232705346716,0.0,0.0,0.0,0.000390625,0.04635416666666667,16QAM,4
4.419831853696065,63.68266774330328,0.044270833333333336,1.0,0.04375,0.19296875,0.2674479166666667,QPSK,2
1.9591819528475596,76.80914320881368,0.09375,1.0,0.09375,0.23359375,0.3223958333333333,QPSK,2
29.202871019932715,3.4856452561861393,0.0,0.0,0.0,0.0,0.0,64QAM,6
13.849659869649521,21.388194839659622,0.0,0.0,0.0,0.01171875,0.07578125,QPSK,2
13.424908746832902,21.41389277037027,0.0,0.0,0.0,0.01171875,0.08619791666666667,QPSK,2
19.033754132375147,11.326063381188785,0.0,0.0,0.0,0.0,0.01588541666666667,16QAM,4
9.293597369814087,34.43656734425629,0.0,0.0,0.00234375,0.062109375,0.16640625,QPSK,2
8.933817428333553,34.48017859372876,0.0026041666666666665,0.3333333333333333,0.003125,0.0796875,0.17708333333333334,QPSK,2
15.465677588543805,17.655440913613685,0.0,0.0,0.0,0.0015625,0.06015625000000001,16QAM,4
5.14766143227583,54.613229704745216,0.0390625,1.0,0.03046875,0.1578125,0.24947916666666664,QPSK,2
23.146430067342735,6.896776809071971,0.0,0.0,0.0,0.0,0.00078125,64QAM,6
4.541079173821228,62.274871563111475,0.052083333333333336,1.0,0.04765625,0.1734375,0.2645833333333333,QPSK,2
5.060237259652957,55.74867961770439,0.044270833333333336,1.0,0.0328125,0.161328125,0.25703125000000004,QPSK,2
5.761049380286122,50.37396751380817,0.0234375,1.0,0.028125,0.1515625,0.25234375,QPSK,2
27.07893303144131,4.571742061436158,0.0,0.0,0.0,0.0,0.0,64QAM,6
21.565776262885226,8.281266812449724,0.0,0.0,0.0,0.0,0.0018229166666666665,64QAM,6
15.265598953216045,16.16855442742829,0.0,0.0,0.0,0.003125,0.059895833333333336,16QAM,4
5.057872446501019,57.39710355554144,0.0234375,1.0,0.034375,0.159765625,0.26119791666666664,QPSK,2
17.19674580586159,14.94727540665877,0.0,0.0,0.0,0.00078125,0.03229166666666668,16QAM,4
22.519512843180028,7.658732089733662,0.0,0.0,0.0,0.0,0.0005208333333333333,64QAM,6
19.753199742484462,10.347097822266942,0.0,0.0,0.0,0.0,0.0109375,16QAM,4
12.824457146536583,22.623480427075883,0.0,0.0,0.0,0.017578125,0.09557291666666667,QPSK,2
21.98921377765244,7.8979979316869935,0.0,0.0,0.0,0.0,0.0010416666666666667,64QAM,6
3.0309276341199975,68.22903554620487,0.046875,1.0,0.07265625,0.215234375,0.3059895833333333,QPSK,2
28.204139237594216,3.7473856299360446,0.0,0.0,0.0,0.0,0.0,64QAM,6
19.029339000001077,10.671810943959159,0.0,0.0,0.0,0.0,0.015885416666666666,16QAM,4
13.221226237300993,21.727055723748467,0.0,0.0,0.0,0.008984375,0.0921875,16QAM,4
28.841119382069735,3.687263386474954,0.0,0.0,0.0,0.0,0.0,64QAM,6
11.826956627260506,25.59660475559811,0.0,0.0,0.0,0.03046875,0.11640625,QPSK,2
19.17164840889523,11.42991484336893,0.0,0.0,0.0,0.0,0.013541666666666665,16QAM,4
18.972579144923593,10.902406297512501,0.0,0.0,0.0,0.0,0.015885416666666666,16QAM,4
18.26403563042585,11.634222920235409,0.0,0.0,0.0,0.0,0.02317708333333333,16QAM,4
18.61878430745857,12.582015033631208,0.0,0.0,0.0,0.000390625,0.022135416666666668,16QAM,4
23.445142612381748,6.40101791321895,0.0,0.0,0.0,0.0,0.0,64QAM,6
8.990943438952723,36.0022000145808,0.0026041666666666665,0.3333333333333333,0.00078125,0.0859375,0.17239583333333333,QPSK,2
15.636918138784573,16.512581824635898,0.0,0.0,0.0,0.003125,0.06093750000000001,16QAM,4
15.968292614863632,16.168493098799534,0.0,0.0,0.0,0.0015625,0.054947916666666666,16QAM,4
24.564592992703698,6.390496014374538,0.0,0.0,0.0,0.0,0.0,64QAM,6
6.360445207302177,46.21379164095473,0.013020833333333334,0.6666666666666666,0.0171875,0.122265625,0.22447916666666665,QPSK,2
26.205407037734254,4.9057131809674175,0.0,0.0,0.0,0.0,0.0,64QAM,6
15.829106728028584,16.079221185779467,0.0,0.0,0.0,0.00234375,0.05078125,16QAM,4
26.033117280140456,4.738739633640004,0.0,0.0,0.0,0.0,0.0,64QAM,6
23.7813800995636,7.002958981735002,0.0,0.0,0.0,0.0,0.00078125,64QAM,6
15.361320083839917,16.297616523443544,0.0,0.0,0.0,0.00390625,0.05911458333333334,16QAM,4
1.09648996151404,90.31259329519887,0.13541666666666666,1.0,0.11484375,0.27890625,0.3390625,QPSK,2
29.345490448183362,3.431567638947217,0.0,0.0,0.0,0.0,0.0,64QAM,6
15.203728530549128,17.190858513170518,0.0,0.0,0.0,0.004296875,0.06145833333333334,16QAM,4
19.420235532948144,11.185057070558964,0.0,0.0,0.0,0.0,0.0109375,16QAM,4
15.007700315997681,18.07935037570181,0.0,0.0,0.0,0.00390625,0.05755208333333334,16QAM,4
2.8786245113271347,70.4104508660204,0.059895833333333336,1.0,0.08203125,0.212890625,0.3127604166666666,QPSK,2
11.656362370407132,26.016961653341912,0.0,0.0,0.00078125,0.03828125,0.11614583333333335,QPSK,2
0.4921716083611205,96.57999448977577,0.12760416666666666,1.0,0.15,0.2890625,0.3549479166666667,QPSK,2
21.921870163148032,8.110790629460979,0.0,0.0,0.0,0.0,0.00390625,64QAM,6
18.949854321180766,11.606128553853708,0.0,0.0,0.0,0.0,0.01536458333333333,16QAM,4
4.160379030245335,63.40433406060201,0.06510416666666667,1.0,0.05390625,0.17890625,0.2932291666666667,QPSK,2
1.291893799621373,78.3757908978383,0.109375,1.0,0.13828125,0.258203125,0.34453125000000007,QPSK,2
5.798813632466065,52.866760324210794,0.033854166666666664,1.0,0.02890625,0.1515625,0.2515625,QPSK,2
28.776976022241666,3.438720840560764,0.0,0.0,0.0,0.0,0.0,64QAM,6
20.613503744090735,9.434922614883295,0.0,0.0,0.0,0.0,0.00625,64QAM,6
2.7182965917074444,69.7553429544028,0.06770833333333333,1.0,0.09296875,0.22578125,0.31901041666666663,QPSK,2
7.421754475656096,42.264767533584504,0.015625,1.0,0.0109375,0.11171875,0.20494791666666665,QPSK,2
8.761474829796896,34.12858796857297,0.0,0.0,0.00078125,0.07734375,0.17760416666666665,QPSK,2
11.075281194733776,29.238303323656734,0.0,0.0,0.0,0.04296875,0.12994791666666666,QPSK,2
29.392397211683857,3.058694189776616,0.0,0.0,0.0,0.0,0.0,64QAM,6
4.151258793760894,65.01626293347674,0.06770833333333333,1.0,0.05,0.1828125,0.2684895833333333,QPSK,2
6.92536308190201,44.332584754894526,0.015625,1.0,0.0125,0.1234375,0.2127604166666667,QPSK,2
5.320437638944724,53.02667621984115,0.036458333333333336,1.0,0.0296875,0.1546875,0.25546875,QPSK,2
1.8908370729621238,75.99323342149856,0.1015625,1.0,0.10625,0.238671875,0.31796875,QPSK,2
23.077885132233938,7.4219577244850665,0.0,0.0,0.0,0.0,0.0005208333333333333,64QAM,6
28.251133234609426,3.971110537551352,0.0,0.0,0.0,0.0,0.0,64QAM,6
15.908261695115097,16.970882105268416,0.0,0.0,0.0,0.002734375,0.04609375,16QAM,4
21.872661442528404,8.153026252829127,0.0,0.0,0.0,0.0,0.0018229166666666667,64QAM,6
3.8414956190718366,68.33832916612894,0.07552083333333333,1.0,0.059375,0.193359375,0.2940104166666667,QPSK,2
27.13866504420274,4.442587156077323,0.0,0.0,0.0,0.0,0.0,64QAM,6
4.19945586684909,59.29766434759066,0.046875,1.0,0.05703125,0.176953125,0.28515625,QPSK,2
26.438681321870856,4.764991268483531,0.0,0.0,0.0,0.0,0.0,64QAM,6
23.555145622516797,6.811657850708608,0.0,0.0,0.0,0.0,0.00026041666666666666,64QAM,6
26.03561770042831,4.857918457676966,0.0,0.0,0.0,0.0,0.0,64QAM,6
19.507562478527422,10.776416061533046,0.0,0.0,0.0,0.0,0.011197916666666667,16QAM,4
4.046654169055835,61.6538928922354,0.041666666666666664,1.0,0.04765625,0.193359375,0.2895833333333333,QPSK,2
0.6905343876798908,93.0047612590605,0.15625,1.0,0.14453125,0.269140625,0.35416666666666663,QPSK,2
0.7450508784589704,87.9208675217841,0.1328125,1.0,0.13125,0.285546875,0.353125,QPSK,2
21.523006890594807,8.169344940832179,0.0,0.0,0.0,0.0,0.002604166666666667,64QAM,6
23.00905188638987,7.090125913499302,0.0,0.0,0.0,0.0,0.0005208333333333333,64QAM,6
3.3859842272936422,72.75472297685104,0.08072916666666667,1.0,0.07265625,0.19609375,0.29401041666666666,QPSK,2
18.57607989953867,11.921261381637,0.0,0.0,0.0,0.0,0.01796875,16QAM,4
8.514619563699819,37.98451143273291,0.010416666666666666,0.6666666666666666,0.0046875,0.0921875,0.19296874999999997,QPSK,2
1.9784779049317402,75.1780586685288,0.08854166666666667,1.0,0.1015625,0.228515625,0.3145833333333333,QPSK,2
6.670732338724954,43.43529664958986,0.020833333333333332,1.0,0.015625,0.12578125,0.22890625,QPSK,2
27.402908512167812,3.999113243140423,0.0,0.0,0.0,0.0,0.0,64QAM,6
21.834681126369453,7.70362369162733,0.0,0.0,0.0,0.0,0.003385416666666667,64QAM,6
8.827448092993684,36.57586110990884,0.005208333333333333,0.6666666666666666,0.0078125,0.0796875,0.17526041666666664,QPSK,2
3.399516674575179,66.15611629153477,0.0625,1.0,0.06015625,0.20703125,0.28229166666666666,QPSK,2
18.742023916519212,12.149343577748468,0.0,0.0,0.0,0.0,0.016145833333333335,16QAM,4
28.847410581822615,3.682605499898614,0.0,0.0,0.0,0.0,0.0,64QAM,6
11.76369792365312,26.948454769083995,0.0,0.0,0.0,0.026953125,0.115625,QPSK,2
12.80149225510141,22.66304470487838,0.0,0.0,0.0,0.0203125,0.10234375,QPSK,2
21.87102547113832,8.155380313001544,0.0,0.0,0.0,0.0,0.0026041666666666665,64QAM,6
25.58331237654624,5.437980134288665,0.0,0.0,0.0,0.0,0.0,64QAM,6
16.232258873656196,15.187432893017618,0.0,0.0,0.0,0.001953125,0.048437499999999994,16QAM,4
1.6922140451903256,79.10474179377246,0.09114583333333333,1.0,0.1125,0.2515625,0.3390625,QPSK,2
21.02875113106783,8.872478555271675,0.0,0.0,0.0,0.0,0.005729166666666667,64QAM,6
3.529854810781683,68.56444828616398,0.08072916666666667,1.0,0.08359375,0.209375,0.29687500000000006,QPSK,2
4.887122167523309,59.39351642787191,0.03125,1.0,0.0296875,0.165234375,0.2611979166666667,QPSK,2
7.664918712712318,41.53596523991423,0.005208333333333333,0.3333333333333333,0.0078125,0.101953125,0.20182291666666669,QPSK,2
9.105881191002727,36.71233574851181,0.0026041666666666665,0.3333333333333333,0.0015625,0.077734375,0.17083333333333334,QPSK,2
11.55133784983755,26.783753430126588,0.0,0.0,0.0,0.030859375,0.11875,QPSK,2
16.30747727352283,16.1011811535736,0.0,0.0,0.0,0.00078125,0.042708333333333334,16QAM,4
20.37511625753278,9.684034053948318,0.0,0.0,0.0,0.0,0.00703125,64QAM,6
2.0672984731338104,80.44498054625251,0.09895833333333333,1.0,0.10390625,0.22890625,0.32682291666666663,QPSK,2
16.439857571235883,14.996419561845133,0.0,0.0,0.0,0.001171875,0.04505208333333333,16QAM,4
6.918277106868828,45.12730601875279,0.005208333333333333,0.3333333333333333,0.009375,0.11328125,0.2119791666666667,QPSK,2
26.429950017425636,4.871339548175759,0.0,0.0,0.0,0.0,0.0,64QAM,6
12.018290295191736,24.72149965627879,0.0,0.0,0.00078125,0.023828125,0.11067708333333334,QPSK,2
8.92024113610165,34.968197776050594,0.0026041666666666665,0.3333333333333333,0.0,0.07265625,0.16796874999999997,QPSK,2
26.808165792366946,4.368611991863544,0.0,0.0,0.0,0.0,0.0,64QAM,6
16.259551010976438,14.44633326082264,0.0,0.0,0.0,0.001953125,0.04401041666666666,16QAM,4
27.85482702908006,4.058394049888026,0.0,0.0,0.0,0.0,0.0,64QAM,6
24.81421499533906,5.390293995780106,0.0,0.0,0.0,0.0,0.0,64QAM,6
8.426700367085559,36.84661659300757,0.0078125,0.6666666666666666,0.0015625,0.088671875,0.18333333333333335,QPSK,2
2.4067749652518353,78.06507953564937,0.1015625,1.0,0.10390625,0.219921875,0.3234375,QPSK,2
28.97932346666844,3.6574609783858327,0.0,0.0,0.0,0.0,0.0,64QAM,6
22.059481484278226,7.655494171784122,0.0,0.0,0.0,0.0,0.0013020833333333333,64QAM,6
14.374861998597483,19.23370223447927,0.0,0.0,0.0,0.005078125,0.07447916666666667,16QAM,4
21.690161450765412,8.395600495037082,0.0,0.0,0.0,0.0,0.002864583333333333,64QAM,6
26.070491898460492,4.858644769379672,0.0,0.0,0.0,0.0,0.0,64QAM,6
16.29724182366148,14.481120009080051,0.0,0.0,0.0,0.001171875,0.04505208333333333,16QAM,4
11.448339679183126,26.397267351951232,0.0,0.0,0.0,0.033984375,0.12161458333333335,QPSK,2
18.247999240923683,12.370899933057506,0.0,0.0,0.0,0.0,0.025520833333333336,16QAM,4
29.1796371754959,3.405316635620855,0.0,0.0,0.0,0.0,0.0,64QAM,6
20.64933475660112,10.069178201074703,0.0,0.0,0.0,0.0,0.006510416666666666,64QAM,6
0.527580626952886,90.34991353540421,0.15104166666666666,1.0,0.14921875,0.27578125,0.35078125,QPSK,2
28.211650038263038,3.7287377098530547,0.0,0.0,0.0,0.0,0.0,64QAM,6
9.25598041147277,34.86647271319714,0.005208333333333333,0.6666666666666666,0.0015625,0.0765625,0.16432291666666665,QPSK,2
22.31990824684458,7.426535649817787,0.0,0.0,0.0,0.0,0.0010416666666666667,64QAM,6
8.389014476032674,34.205180604652966,0.0,0.0,0.00078125,0.084375,0.19114583333333335,QPSK,2
11.272590395290443,28.60365845159359,0.0,0.0,0.0,0.04296875,0.12604166666666666,QPSK,2
10.298526292882013,29.040966931363606,0.0,0.0,0.0,0.057421875,0.13697916666666665,QPSK,2
21.849262984793462,8.007103799111054,0.0,0.0,0.0,0.0,0.0015624999999999999,64QAM,6
28.862817140279375,3.3767547175693795,0.0,0.0,0.0,0.0,0.0,64QAM,6
12.878311829625291,23.245247221432717,0.0,0.0,0.0,0.0140625,0.10364583333333333,QPSK,2
24.76150815020088,5.618026693515934,0.0,0.0,0.0,0.0,0.0,64QAM,6
28.682314104541167,3.661406703655185,0.0,0.0,0.0,0.0,0.0,64QAM,6
27.475455478512096,4.2212623998424155,0.0,0.0,0.0,0.0,0.0,64QAM,6
13.994080605807795,20.303602224106307,0.0,0.0,0.0,0.01015625,0.08307291666666668,QPSK,2
8.587680601346738,35.90365349722526,0.0026041666666666665,0.3333333333333333,0.00234375,0.09296875,0.19401041666666669,QPSK,2
11.334445546329878,27.468103307720487,0.0,0.0,0.00078125,0.0328125,0.13281249999999997,QPSK,2
22.15528087285322,7.602369106477534,0.0,0.0,0.0,0.0,0.0010416666666666667,64QAM,6
23.541611432123027,6.783743008651534,0.0,0.0,0.0,0.0,0.0,64QAM,6
9.735577715636376,30.092989637089886,0.0,0.0,0.0015625,0.0625,0.165625,QPSK,2
3.5484532416024885,70.02780153771987,0.09114583333333333,1.0,0.06484375,0.185546875,0.2890625,QPSK,2
2.1999002540875545,74.52342679070702,0.078125,1.0,0.10625,0.221875,0.3197916666666667,QPSK,2
17.137915482541633,13.671965583596027,0.0,0.0,0.0,0.00078125,0.03828125,16QAM,4
4.1906237863736,59.98831346668426,0.059895833333333336,1.0,0.05390625,0.1875,0.2893229166666667,QPSK,2
24.709289608381695,5.635027206283497,0.0,0.0,0.0,0.0,0.0,64QAM,6
20.353186731931395,10.20652580794794,0.0,0.0,0.0,0.0,0.009635416666666667,64QAM,6
4.535628289476152,62.4671814039743,0.07291666666666667,1.0,0.046875,0.168359375,0.2591145833333333,QPSK,2
19.908627359188348,10.296981744604887,0.0,0.0,0.0,0.0,0.00703125,64QAM,6
2.7552087683635995,75.96374979276378,0.08854166666666667,1.0,0.0875,0.223828125,0.30625,QPSK,2
5.819277200301168,50.15802646843661,0.028645833333333332,1.0,0.02421875,0.137109375,0.24114583333333334,QPSK,2
4.8870082765166964,56.513983419664726,0.033854166666666664,1.0,0.05,0.153515625,0.2520833333333333,QPSK,2
29.78094933081709,3.2954052604656314,0.0,0.0,0.0,0.0,0.0,64QAM,6
23.79911862128401,6.386562694247074,0.0,0.0,0.0,0.0,0.0,64QAM,6
27.18319812049851,4.45352030949231,0.0,0.0,0.0,0.0,0.0,64QAM,6
2.4158090536942964,72.38004673096498,0.08333333333333333,1.0,0.0921875,0.23203125,0.32161458333333337,QPSK,2
20.46436565781579,8.979058807340657,0.0,0.0,0.0,0.0,0.0062499999999999995,64QAM,6
2.2114403443617703,73.83891903436009,0.08854166666666667,1.0,0.09765625,0.225390625,0.31015625,QPSK,2
1.5160136408536662,80.59125740236168,0.09635416666666667,1.0,0.11875,0.2578125,0.3338541666666667,QPSK,2
0.06303179123770875,97.61799370351575,0.1875,1.0,0.15859375,0.301953125,0.3588541666666667,QPSK,2
3.7179584379255584,64.38924735904483,0.06510416666666667,1.0,0.0671875,0.2,0.2973958333333333,QPSK,2
25.620397535252277,5.201014755188113,0.0,0.0,0.0,0.0,0.0,64QAM,6
7.243400964690259,44.67461990988211,0.010416666666666666,0.3333333333333333,0.0125,0.114453125,0.2169270833333333,QPSK,2
15.597039009650368,15.901931801706132,0.0,0.0,0.0,0.00234375,0.05911458333333334,16QAM,4
25.757318910349717,5.139491126121923,0.0,0.0,0.0,0.0,0.0,64QAM,6
25.013659808803055,4.839749701721749,0.0,0.0,0.0,0.0,0.0,64QAM,6
23.591487711214878,6.254263129481946,0.0,0.0,0.0,0.0,0.00026041666666666666,64QAM,6
24.219270107780122,5.891773943860082,0.0,0.0,0.0,0.0,0.0,64QAM,6
18.49380743864338,12.634194586291992,0.0,0.0,0.0,0.0,0.018229166666666664,16QAM,4
20.329219141527002,9.213211643653063,0.0,0.0,0.0,0.0,0.004947916666666666,64QAM,6
5.9828585179492855,49.89399103609058,0.020833333333333332,1.0,0.03125,0.149609375,0.24713541666666666,QPSK,2
22.97614262654094,7.002302523006238,0.0,0.0,0.0,0.0,0.0013020833333333333,64QAM,6
11.780340837615903,26.681736738154925,0.0,0.0,0.0,0.03671875,0.11692708333333335,QPSK,2
12.47562618402227,24.018875873760813,0.0,0.0,0.0,0.028125,0.103125,QPSK,2
7.687560310157827,42.232571309792306,0.013020833333333334,1.0,0.01015625,0.10390625,0.19713541666666665,QPSK,2
15.446537078017924,17.86670353795452,0.0,0.0,0.0,0.002734375,0.05729166666666667,16QAM,4
11.288457141009909,26.85797422770011,0.0,0.0,0.0,0.038671875,0.13125,QPSK,2
12.606230211607468,24.082590902378755,0.0,0.0,0.0,0.0265625,0.10286458333333334,QPSK,2
11.416580098743939,26.637043944976618,0.0,0.0,0.0,0.0328125,0.12708333333333335,QPSK,2
4.077864695843245,63.01429385374288,0.06510416666666667,1.0,0.05234375,0.177734375,0.2869791666666667,QPSK,2
15.428616584052275,16.692812628907202,0.0,0.0,0.0,0.004296875,0.05651041666666666,16QAM,4
29.472221978143004,3.3623979809191082,0.0,0.0,0.0,0.0,0.0,64QAM,6
19.601889269813938,10.632890364915482,0.0,0.0,0.0,0.0,0.009374999999999998,64QAM,6
3.3185020550993647,70.75271943350208,0.06770833333333333,1.0,0.07265625,0.192578125,0.2872395833333333,QPSK,2
15.748738408176239,15.838801653486831,0.0,0.0,0.0,0.0015625,0.05026041666666666,16QAM,4
13.515052293558886,21.026249987155552,0.0,0.0,0.0,0.008203125,0.08151041666666667,16QAM,4
27.894806462740714,3.9994019520482738,0.0,0.0,0.0,0.0,0.0,64QAM,6
14.966019781637439,17.915576260818966,0.0,0.0,0.0,0.0046875,0.06718750000000001,16QAM,4
15.56735007051513,14.903369699954391,0.0,0.0,0.0,0.001953125,0.05364583333333334,16QAM,4
13.942410834235314,20.290877648251335,0.0,0.0,0.0,0.00703125,0.07734375000000002,16QAM,4
29.023167412793335,3.731002678233286,0.0,0.0,0.0,0.0,0.0,64QAM,6
18.47975151701507,11.544949044138493,0.0,0.0,0.0,0.0,0.021354166666666664,16QAM,4
15.218371815897886,17.81109627207963,0.0,0.0,0.0,0.00703125,0.06302083333333333,16QAM,4
8.007167947372093,39.39330491186686,0.0078125,0.6666666666666666,0.0078125,0.094921875,0.20234375,QPSK,2
15.97947731181582,16.362607330267984,0.0,0.0,0.0,0.001953125,0.0515625,16QAM,4
13.704990306870211,20.447307379242915,0.0,0.0,0.0,0.0109375,0.08489583333333332,QPSK,2
20.40593040116459,9.341128289204807,0.0,0.0,0.0,0.0,0.007291666666666667,64QAM,6
26.80033145346136,4.435793177716571,0.0,0.0,0.0,0.0,0.0,64QAM,6
9.732132839386082,34.19540381199686,0.0078125,0.6666666666666666,0.0,0.0578125,0.16640625000000003,QPSK,2
17.863672908921572,13.26165854884533,0.0,0.0,0.0,0.0,0.02838541666666667,16QAM,4
9.631920851449179,33.05377446898423,0.0026041666666666665,0.3333333333333333,0.00078125,0.064453125,0.16354166666666667,QPSK,2
20.766287017983387,8.850642012306418,0.0,0.0,0.0,0.0,0.005208333333333333,64QAM,6
25.1014432069138,5.842907054569945,0.0,0.0,0.0,0.0,0.0,64QAM,6
23.659076275525088,6.747730188792104,0.0,0.0,0.0,0.0,0.0,64QAM,6
20.50612762644587,9.640600534248284,0.0,0.0,0.0,0.0,0.00546875,64QAM,6
27.36496798546455,4.147719686761813,0.0,0.0,0.0,0.0,0.0,64QAM,6
1.9842584212013725,77.91392527350922,0.11458333333333333,1.0,0.09375,0.23671875,0.3403645833333333,QPSK,2
3.486569888472518,66.42400251986183,0.06770833333333333,1.0,0.0640625,0.18359375,0.296875,QPSK,2
20.061286316947662,9.843605626124154,0.0,0.0,0.0,0.0,0.007812500000000002,64QAM,6
16.68424317174747,14.888905103503,0.0,0.0,0.0,0.000390625,0.03567708333333334,16QAM,4
2.075950352034859,78.31146051189769,0.13020833333333334,1.0,0.11171875,0.241796875,0.3184895833333333,QPSK,2
24.28272372036148,6.247862128940257,0.0,0.0,0.0,0.0,0.00026041666666666666,64QAM,6
29.2846318935093,3.3633485203667997,0.0,0.0,0.0,0.0,0.0,64QAM,6
16.960030753441522,14.447916656434037,0.0,0.0,0.0,0.00078125,0.03619791666666666,16QAM,4
19.084230929194657,11.005933690179052,0.0,0.0,0.0,0.0,0.01484375,16QAM,4
0.22910172653436423,93.16552573884998,0.140625,1.0,0.1515625,0.277734375,0.35572916666666665,QPSK,2
1.7476149472823233,78.978390334879,0.1171875,1.0,0.103125,0.253515625,0.3419270833333333,QPSK,2
8.76311103065293,35.63179172934268,0.005208333333333333,0.6666666666666666,0.0015625,0.091015625,0.17578125,QPSK,2
0.4830256375741371,88.62508542616607,0.12760416666666666,1.0,0.14609375,0.2703125,0.33697916666666666,QPSK,2
29.722888191726376,3.1412948861453427,0.0,0.0,0.0,0.0,0.0,64QAM,6
18.73398008031687,11.55868968596037,0.0,0.0,0.0,0.0,0.0171875,16QAM,4
16.364824634084634,15.38987912767821,0.0,0.0,0.0,0.0015625,0.04140624999999999,16QAM,4
8.021163496942464,39.436866819108765,0.0078125,0.6666666666666666,0.00546875,0.0953125,0.1921875,QPSK,2
14.257343757288579,19.13112394995214,0.0,0.0,0.0,0.009765625,0.07604166666666667,16QAM,4
10.275239504127518,31.209815353806285,0.0026041666666666665,0.3333333333333333,0.00078125,0.05859375,0.15234375,QPSK,2
15.422757869449896,17.134637657995135,0.0,0.0,0.0,0.00390625,0.059375,16QAM,4
12.66678761107459,23.163636868927053,0.0,0.0,0.0,0.0234375,0.10911458333333332,QPSK,2
24.571600980183106,5.809318047350398,0.0,0.0,0.0,0.0,0.0,64QAM,6
23.334355307865298,6.834376175448536,0.0,0.0,0.0,0.0,0.00026041666666666666,64QAM,6
4.325493029637779,62.90952863365899,0.059895833333333336,1.0,0.05,0.173046875,0.2671875,QPSK,2
27.949457228139487,4.094374739341016,0.0,0.0,0.0,0.0,0.0,64QAM,6
8.339049386188709,37.793327810541854,0.0026041666666666665,0.3333333333333333,0.003125,0.098828125,0.1734375,QPSK,2
11.772472151710835,25.55617717370747,0.0026041666666666665,0.3333333333333333,0.0,0.03515625,0.11796875,QPSK,2
13.283488643232372,20.918884056574928,0.0,0.0,0.0,0.01640625,0.09088541666666666,QPSK,2
11.653912459585765,26.36874899205271,0.0,0.0,0.0,0.02890625,0.12265625000000002,QPSK,2
20.913880270794458,8.402607560344784,0.0,0.0,0.0,0.0,0.005208333333333334,64QAM,6
12.853713174294514,22.748787567435226,0.0,0.0,0.0,0.019921875,0.09947916666666666,QPSK,2
3.4014277523807515,74.72367240080807,0.09635416666666667,1.0,0.07109375,0.203125,0.30963541666666666,QPSK,2
1.9296228801743531,79.55749322908522,0.10677083333333333,1.0,0.11171875,0.2328125,0.32708333333333334,QPSK,2
7.640580476169979,40.19499462734426,0.0078125,0.6666666666666666,0.00703125,0.112109375,0.21276041666666665,QPSK,2
14.958275399346169,17.800817938461087,0.0,0.0,0.0,0.005859375,0.06718750000000001,16QAM,4
19.691032912864117,10.040461836972518,0.0,0.0,0.0,0.0,0.012239583333333335,16QAM,4
6.002191799497093,52.65579990861758,0.026041666666666668,1.0,0.03359375,0.1484375,0.2515625,QPSK,2
19.341351507635547,11.591645779348985,0.0,0.0,0.0,0.0,0.012760416666666668,16QAM,4
8.624449715205655,36.376610343844575,0.0078125,0.6666666666666666,0.003125,0.08828125,0.17005208333333333,QPSK,2
24.41231208063129,5.582791159394801,0.0,0.0,0.0,0.0,0.0,64QAM,6
16.706948062283637,13.983743465141153,0.0,0.0,0.0,0.000390625,0.038802083333333334,16QAM,4
10.579440955044037,27.767242820958977,0.0,0.0,0.00078125,0.0546875,0.14166666666666666,QPSK,2
14.060208294084504,19.750220975672107,0.0,0.0,0.0,0.00859375,0.08046875,16QAM,4
21.728783904481304,7.85164593536831,0.0,0.0,0.0,0.0,0.0013020833333333333,64QAM,6
14.681226090852954,18.810827493748565,0.0,0.0,0.0,0.008984375,0.06953125,16QAM,4
27.170221226592894,4.297392483919025,0.0,0.0,0.0,0.0,0.0,64QAM,6
9.610716107336504,33.58634893967099,0.0026041666666666665,0.3333333333333333,0.0,0.061328125,0.15494791666666666,QPSK,2
8.788887975393337,33.968768322459994,0.0078125,0.6666666666666666,0.00390625,0.078125,0.17942708333333335,QPSK,2
25.200927018670512,5.310335441093175,0.0,0.0,0.0,0.0,0.0,64QAM,6
9.628888559513973,34.26425022771231,0.0,0.0,0.0015625,0.0578125,0.16380208333333335,QPSK,2
27.349470600919776,4.3513181745339775,0.0,0.0,0.0,0.0,0.0,64QAM,6
29.446656045126353,3.3744001839747684,0.0,0.0,0.0,0.0,0.0,64QAM,6
22.783721589395157,7.048897943011616,0.0,0.0,0.0,0.0,0.0015625,64QAM,6
11.718513294056315,27.423493810446132,0.0,0.0,0.0,0.0375,0.11744791666666668,QPSK,2
5.209695403445903,57.40245296687174,0.03125,1.0,0.02734375,0.169921875,0.25338541666666664,QPSK,2
10.697068446195146,29.75711150062359,0.0026041666666666665,0.3333333333333333,0.0,0.041796875,0.14427083333333332,QPSK,2
24.296178505198817,6.6745246478215305,0.0,0.0,0.0,0.0,0.0,64QAM,6
20.49766973359793,8.538467359978053,0.0,0.0,0.0,0.0,0.0049479166666666664,64QAM,6
26.52519326023717,4.745902149304251,0.0,0.0,0.0,0.0,0.0,64QAM,6
29.943926700584385,3.3039443188047546,0.0,0.0,0.0,0.0,0.0,64QAM,6
16.56630753075383,14.962540341638883,0.0,0.0,0.0,0.001953125,0.04479166666666667,16QAM,4
21.891612070379956,7.791775096356323,0.0,0.0,0.0,0.0,0.0013020833333333333,64QAM,6
12.679988500667696,23.21564271485825,0.0,0.0,0.0,0.0171875,0.10598958333333333,QPSK,2
13.02439984106277,22.291334059591854,0.0,0.0,0.0,0.01953125,0.10286458333333334,QPSK,2
4.240409244980783,64.36381713397473,0.0859375,1.0,0.05078125,0.172265625,0.26432291666666663,QPSK,2
1.5931599982452238,83.00691843272833,0.1328125,1.0,0.1171875,0.246484375,0.32708333333333334,QPSK,2
13.068887797290746,22.241661755081157,0.0,0.0,0.0,0.015625,0.08828125,QPSK,2
25.540946638230267,5.248600056208397,0.0,0.0,0.0,0.0,0.0,64QAM,6
23.580413499426964,6.426560060411925,0.0,0.0,0.0,0.0,0.00026041666666666666,64QAM,6
2.48926252485143,66.18949891376215,0.059895833333333336,1.0,0.07421875,0.219140625,0.3135416666666667,QPSK,2
20.633963554057104,9.561204008588158,0.0,0.0,0.0,0.0,0.00625,64QAM,6
3.4694282213075676,68.2876540413036,0.0625,1.0,0.0671875,0.205859375,0.29687499999999994,QPSK,2
18.844404296221708,11.608831591943114,0.0,0.0,0.0,0.0,0.012760416666666668,16QAM,4
10.881051376219876,28.972783616089043,0.0,0.0,0.0,0.042578125,0.14479166666666665,QPSK,2
16.438870676618738,15.665538518666148,0.0,0.0,0.0,0.00234375,0.04244791666666666,16QAM,4
7.0848811333496995,43.53777569460046,0.015625,1.0,0.01328125,0.10859375,0.23333333333333334,QPSK,2
8.474156125118046,38.1203720619866,0.0026041666666666665,0.3333333333333333,0.00234375,0.09453125,0.18385416666666668,QPSK,2
6.996298900839219,49.323084965745466,0.013020833333333334,0.6666666666666666,0.0203125,0.128515625,0.21510416666666665,QPSK,2
12.89495784862353,21.804422674275134,0.0,0.0,0.0,0.01953125,0.0953125,QPSK,2
7.7743891877961335,40.561198163003056,0.0026041666666666665,0.3333333333333333,0.00703125,0.099609375,0.19895833333333332,QPSK,2
19.396142732842666,10.866779941387362,0.0,0.0,0.0,0.0,0.009895833333333333,64QAM,6
16.22605740688432,15.421593664177783,0.0,0.0,0.0,0.001953125,0.04036458333333333,16QAM,4
9.241389075065168,34.107628486984524,0.005208333333333333,0.6666666666666666,0.00078125,0.076953125,0.17083333333333334,QPSK,2
19.196176195359357,10.768266946806659,0.0,0.0,0.0,0.0,0.013802083333333331,16QAM,4
1.1419977289387184,92.87103466849294,0.13541666666666666,1.0,0.1265625,0.26171875,0.34635416666666663,QPSK,2
8.555044255158379,38.51635433779854,0.005208333333333333,0.3333333333333333,0.003125,0.08359375,0.18411458333333333,QPSK,2
18.47490816206917,12.552238472199548,0.0,0.0,0.0,0.0,0.02109375,16QAM,4
15.496027808048598,16.33506607648382,0.0,0.0,0.0,0.003125,0.051302083333333325,16QAM,4
16.40966972363052,14.612806072378321,0.0,0.0,0.0,0.0015625,0.04192708333333334,16QAM,4
6.277457557464548,47.586290496184574,0.015625,0.6666666666666666,0.01796875,0.140234375,0.24140625,QPSK,2
3.205227943088568,68.10132531690999,0.078125,1.0,0.06640625,0.19921875,0.29609375,QPSK,2
4.79024372347657,58.832116102109,0.049479166666666664,1.0,0.046875,0.16875,0.26458333333333334,QPSK,2
25.95602092805689,5.160609713376566,0.0,0.0,0.0,0.0,0.0,64QAM,6
27.269990600275264,4.16570314805676,0.0,0.0,0.0,0.0,0.0,64QAM,6
12.551625989256923,23.36078687650043,0.0,0.0,0.0,0.026953125,0.10234375,QPSK,2
20.255583505101992,9.624797878195405,0.0,0.0,0.0,0.0,0.0075520833333333325,64QAM,6
23.38450510528892,6.88328834022198,0.0,0.0,0.0,0.0,0.00026041666666666666,64QAM,6
18.985479782718997,11.191593932574678,0.0,0.0,0.0,0.0,0.01640625,16QAM,4
9.36524946373977,33.09657418413608,0.0,0.0,0.00234375,0.074609375,0.16458333333333336,QPSK,2
27.14556955002272,3.909567235283625,0.0,0.0,0.0,0.0,0.0,64QAM,6
16.467656472123757,16.31604485559425,0.0,0.0,0.0,0.0,0.04036458333333333,16QAM,4
4.100185415470508,63.479808648081594,0.046875,1.0,0.05,0.185546875,0.27838541666666666,QPSK,2
2.81006361886031,70.85478284876214,0.0703125,1.0,0.0859375,0.228125,0.30807291666666664,QPSK,2
15.585818770442367,16.570906623340967,0.0,0.0,0.0,0.001953125,0.048437499999999994,16QAM,4
27.00612704647218,4.524149193519648,0.0,0.0,0.0,0.0,0.0,64QAM,6
8.420697707118356,39.153766194841715,0.0078125,1.0,0.00234375,0.0953125,0.1802083333333333,QPSK,2
3.3506451124121774,67.46233507588778,0.08333333333333333,1.0,0.08046875,0.198828125,0.2859375,QPSK,2
19.56924014268727,9.990537882003348,0.0,0.0,0.0,0.0,0.014322916666666666,16QAM,4
9.956399095143762,31.56566050384482,0.0,0.0,0.00234375,0.059765625,0.14921875,QPSK,2
12.909702927549544,23.0538829944095,0.0,0.0,0.0,0.018359375,0.10677083333333333,QPSK,2
21.910670364026707,8.142981047210089,0.0,0.0,0.0,0.0,0.0015624999999999999,64QAM,6
25.637258802282023,5.320846261762754,0.0,0.0,0.0,0.0,0.0,64QAM,6
0.3356915801659577,94.43832283491197,0.1328125,1.0,0.1296875,0.263671875,0.3497395833333333,QPSK,2
20.77394104400369,9.239181012075024,0.0,0.0,0.0,0.0,0.0078125,64QAM,6
9.131123833825187,36.12051033645159,0.0026041666666666665,0.3333333333333333,0.00546875,0.07265625,0.16901041666666666,QPSK,2
28.6508809712025,3.662347566628861,0.0,0.0,0.0,0.0,0.0,64QAM,6
22.151527930921446,7.679373956714149,0.0,0.0,0.0,0.0,0.0018229166666666667,64QAM,6
0.47198072885565434,102.70196427208711,0.1640625,1.0,0.13125,0.272265625,0.3403645833333333,QPSK,2
3.666960431311833,65.15648698472214,0.07291666666666667,1.0,0.0671875,0.20234375,0.30390625,QPSK,2
28.19317986089809,4.0436665739429385,0.0,0.0,0.0,0.0,0.0,64QAM,6
3.143965438937112,73.08089292313934,0.0859375,1.0,0.084375,0.199609375,0.2955729166666667,QPSK,2
10.946191165368505,30.2831617061513,0.0,0.0,0.0,0.0546875,0.1296875,QPSK,2
4.868805975848835,55.22836419781304,0.028645833333333332,1.0,0.0515625,0.16875,0.2684895833333333,QPSK,2
23.77926600161688,6.55103363440387,0.0,0.0,0.0,0.0,0.00026041666666666666,64QAM,6
6.537254868165165,48.432125871718924,0.015625,1.0,0.0140625,0.140625,0.22265625,QPSK,2
11.932815644726958,25.554348077751104,0.0,0.0,0.0,0.026171875,0.12291666666666665,QPSK,2
17.704100043157766,12.410668236047657,0.0,0.0,0.0,0.0,0.025520833333333333,16QAM,4
12.211426402552371,26.28760993724921,0.0,0.0,0.0,0.023828125,0.10546875,QPSK,2
14.406121402039986,18.531856556277386,0.0,0.0,0.0,0.012109375,0.07317708333333334,QPSK,2
23.239067345656668,6.982294801938506,0.0,0.0,0.0,0.0,0.0,64QAM,6
19.298624427567436,10.604139819384217,0.0,0.0,0.0,0.0,0.018489583333333334,16QAM,4
22.67560216094461,6.960743101011212,0.0,0.0,0.0,0.0,0.0005208333333333333,64QAM,6
11.01212355252999,28.313621468813626,0.0,0.0,0.0,0.0390625,0.13125,QPSK,2
24.237459319622843,5.966663883921401,0.0,0.0,0.0,0.0,0.0005208333333333333,64QAM,6
26.152499287117273,5.162711268206458,0.0,0.0,0.0,0.0,0.0,64QAM,6
20.643147557634002,9.185708516683933,0.0,0.0,0.0,0.0,0.006770833333333333,64QAM,6
2.4989222728152893,68.76327124681116,0.078125,1.0,0.0828125,0.2234375,0.31223958333333335,QPSK,2
21.368694596306252,9.084703041443627,0.0,0.0,0.0,0.0,0.0033854166666666663,64QAM,6
7.637162132291618,42.681518162169354,0.013020833333333334,1.0,0.00390625,0.09375,0.2046875,QPSK,2
20.63313988625434,8.580744130293098,0.0,0.0,0.0,0.0,0.005989583333333333,64QAM,6
