condition,strategy,snr_db,probe_evm_percent,probe_ber,packet_error_rate,selected_modulation,average_ber,success_rate,delivered_bits_per_frame
0,fixed_qpsk,5.368044410263085,52.55250020802891,0.015625,0.6666666666666666,QPSK,0.0265625,0.0,0.0
0,rule_based,5.368044410263085,52.55250020802891,0.015625,0.6666666666666666,QPSK,0.0265625,0.0,0.0
0,ml_based,5.368044410263085,52.55250020802891,0.015625,0.6666666666666666,QPSK,0.0265625,0.0,0.0
1,fixed_qpsk,19.197394971454635,11.423666575150149,0.0,0.0,QPSK,0.0,1.0,128.0
1,rule_based,19.197394971454635,11.423666575150149,0.0,0.0,16QAM,0.0,1.0,256.0
1,ml_based,19.197394971454635,11.423666575150149,0.0,0.0,16QAM,0.0,1.0,256.0
2,fixed_qpsk,14.018052034304553,20.14807024097205,0.0,0.0,QPSK,0.0,1.0,128.0
2,rule_based,14.018052034304553,20.14807024097205,0.0,0.0,16QAM,0.00625,0.8,204.8
2,ml_based,14.018052034304553,20.14807024097205,0.0,0.0,16QAM,0.00625,0.8,204.8
3,fixed_qpsk,11.115015813241442,26.864881471928427,0.0,0.0,QPSK,0.0,1.0,128.0
3,rule_based,11.115015813241442,26.864881471928427,0.0,0.0,QPSK,0.0,1.0,128.0
3,ml_based,11.115015813241442,26.864881471928427,0.0,0.0,QPSK,0.0,1.0,128.0
4,fixed_qpsk,10.647520029289536,28.774403054539054,0.0,0.0,QPSK,0.0,1.0,128.0
4,rule_based,10.647520029289536,28.774403054539054,0.0,0.0,QPSK,0.0,1.0,128.0
4,ml_based,10.647520029289536,28.774403054539054,0.0,0.0,QPSK,0.0,1.0,128.0
5,fixed_qpsk,23.71554737559795,6.437897552604295,0.0,0.0,QPSK,0.0,1.0,128.0
5,rule_based,23.71554737559795,6.437897552604295,0.0,0.0,64QAM,0.0,1.0,384.0
5,ml_based,23.71554737559795,6.437897552604295,0.0,0.0,64QAM,0.0,1.0,384.0
6,fixed_qpsk,27.154315100315216,4.39741065971768,0.0,0.0,QPSK,0.0,1.0,128.0
6,rule_based,27.154315100315216,4.39741065971768,0.0,0.0,64QAM,0.0,1.0,384.0
6,ml_based,27.154315100315216,4.39741065971768,0.0,0.0,64QAM,0.0,1.0,384.0
7,fixed_qpsk,5.3205957546914595,54.750379631699616,0.036458333333333336,1.0,QPSK,0.046875,0.0,0.0
7,rule_based,5.3205957546914595,54.750379631699616,0.036458333333333336,1.0,QPSK,0.046875,0.0,0.0
7,ml_based,5.3205957546914595,54.750379631699616,0.036458333333333336,1.0,QPSK,0.046875,0.0,0.0
8,fixed_qpsk,19.58354408055396,10.827491648473812,0.0,0.0,QPSK,0.0,1.0,128.0
8,rule_based,19.58354408055396,10.827491648473812,0.0,0.0,16QAM,0.0,1.0,256.0
8,ml_based,19.58354408055396,10.827491648473812,0.0,0.0,16QAM,0.0,1.0,256.0
9,fixed_qpsk,8.949083020667079,33.741826839716246,0.0026041666666666665,0.3333333333333333,QPSK,0.003125,1.0,128.0
9,rule_based,8.949083020667079,33.741826839716246,0.0026041666666666665,0.3333333333333333,QPSK,0.003125,1.0,128.0
9,ml_based,8.949083020667079,33.741826839716246,0.0026041666666666665,0.3333333333333333,QPSK,0.003125,1.0,128.0
10,fixed_qpsk,29.008866004871717,3.743007899383962,0.0,0.0,QPSK,0.0,1.0,128.0
10,rule_based,29.008866004871717,3.743007899383962,0.0,0.0,64QAM,0.0,1.0,384.0
10,ml_based,29.008866004871717,3.743007899383962,0.0,0.0,64QAM,0.0,1.0,384.0
11,fixed_qpsk,27.595504816118346,3.898082774084034,0.0,0.0,QPSK,0.0,1.0,128.0
11,rule_based,27.595504816118346,3.898082774084034,0.0,0.0,64QAM,0.0,1.0,384.0
11,ml_based,27.595504816118346,3.898082774084034,0.0,0.0,64QAM,0.0,1.0,384.0
12,fixed_qpsk,19.07612412433954,10.973445447646828,0.0,0.0,QPSK,0.0,1.0,128.0
12,rule_based,19.07612412433954,10.973445447646828,0.0,0.0,16QAM,0.0,1.0,256.0
12,ml_based,19.07612412433954,10.973445447646828,0.0,0.0,16QAM,0.0,1.0,256.0
13,fixed_qpsk,22.5819629123726,7.4500492386011405,0.0,0.0,QPSK,0.0,1.0,128.0
13,rule_based,22.5819629123726,7.4500492386011405,0.0,0.0,64QAM,0.0005208333333333333,1.0,384.0
13,ml_based,22.5819629123726,7.4500492386011405,0.0,0.0,64QAM,0.0005208333333333333,1.0,384.0
14,fixed_qpsk,15.454610889670553,17.32533769046544,0.0,0.0,QPSK,0.0,1.0,128.0
14,rule_based,15.454610889670553,17.32533769046544,0.0,0.0,16QAM,0.00390625,0.8,204.8
14,ml_based,15.454610889670553,17.32533769046544,0.0,0.0,16QAM,0.00390625,0.8,204.8
15,fixed_qpsk,24.776857751267098,5.9244099014815035,0.0,0.0,QPSK,0.0,1.0,128.0
15,rule_based,24.776857751267098,5.9244099014815035,0.0,0.0,64QAM,0.0005208333333333333,1.0,384.0
15,ml_based,24.776857751267098,5.9244099014815035,0.0,0.0,64QAM,0.0005208333333333333,1.0,384.0
16,fixed_qpsk,13.451416362003096,21.687112298786758,0.0,0.0,QPSK,0.0,1.0,128.0
16,rule_based,13.451416362003096,21.687112298786758,0.0,0.0,16QAM,0.01015625,0.6,153.6
16,ml_based,13.451416362003096,21.687112298786758,0.0,0.0,QPSK,0.0,1.0,128.0
17,fixed_qpsk,10.164373599412857,30.95572489162844,0.0,0.0,QPSK,0.0015625,1.0,128.0
17,rule_based,10.164373599412857,30.95572489162844,0.0,0.0,QPSK,0.0015625,1.0,128.0
17,ml_based,10.164373599412857,30.95572489162844,0.0,0.0,QPSK,0.0015625,1.0,128.0
18,fixed_qpsk,8.336976465004772,39.74633727061668,0.0078125,0.6666666666666666,QPSK,0.0046875,1.0,128.0
18,rule_based,8.336976465004772,39.74633727061668,0.0078125,0.6666666666666666,QPSK,0.0046875,1.0,128.0
18,ml_based,8.336976465004772,39.74633727061668,0.0078125,0.6666666666666666,QPSK,0.0046875,1.0,128.0
19,fixed_qpsk,6.7899917053021035,47.348726067021815,0.0234375,1.0,QPSK,0.0078125,0.8,102.4
19,rule_based,6.7899917053021035,47.348726067021815,0.0234375,1.0,QPSK,0.0078125,0.8,102.4
19,ml_based,6.7899917053021035,47.348726067021815,0.0234375,1.0,QPSK,0.0078125,0.8,102.4
20,fixed_qpsk,15.77450530035745,16.973228095449777,0.0,0.0,QPSK,0.0,1.0,128.0
20,rule_based,15.77450530035745,16.973228095449777,0.0,0.0,16QAM,0.00078125,1.0,256.0
20,ml_based,15.77450530035745,16.973228095449777,0.0,0.0,16QAM,0.00078125,1.0,256.0
21,fixed_qpsk,12.927361820532944,23.69693915990565,0.0,0.0,QPSK,0.0,1.0,128.0
21,rule_based,12.927361820532944,23.69693915990565,0.0,0.0,16QAM,0.01796875,0.0,0.0
21,ml_based,12.927361820532944,23.69693915990565,0.0,0.0,QPSK,0.0,1.0,128.0
22,fixed_qpsk,19.895418614177864,10.428437448972588,0.0,0.0,QPSK,0.0,1.0,128.0
22,rule_based,19.895418614177864,10.428437448972588,0.0,0.0,16QAM,0.0,1.0,256.0
22,ml_based,19.895418614177864,10.428437448972588,0.0,0.0,64QAM,0.008854166666666666,0.4,153.6
23,fixed_qpsk,0.38521447100419715,91.9248058120325,0.15885416666666666,1.0,QPSK,0.1359375,0.0,0.0
23,rule_based,0.38521447100419715,91.9248058120325,0.15885416666666666,1.0,QPSK,0.1359375,0.0,0.0
23,ml_based,0.38521447100419715,91.9248058120325,0.15885416666666666,1.0,QPSK,0.1359375,0.0,0.0
24,fixed_qpsk,13.431057046161625,22.178174937865965,0.0,0.0,QPSK,0.0,1.0,128.0
24,rule_based,13.431057046161625,22.178174937865965,0.0,0.0,16QAM,0.0109375,0.4,102.4
24,ml_based,13.431057046161625,22.178174937865965,0.0,0.0,QPSK,0.0,1.0,128.0
25,fixed_qpsk,10.955424033971742,27.276221273325703,0.0,0.0,QPSK,0.0015625,1.0,128.0
25,rule_based,10.955424033971742,27.276221273325703,0.0,0.0,QPSK,0.0015625,1.0,128.0
25,ml_based,10.955424033971742,27.276221273325703,0.0,0.0,QPSK,0.0015625,1.0,128.0
26,fixed_qpsk,5.861927996146621,53.22956034977021,0.041666666666666664,1.0,QPSK,0.0203125,0.2,25.6
26,rule_based,5.861927996146621,53.22956034977021,0.041666666666666664,1.0,QPSK,0.0203125,0.2,25.6
26,ml_based,5.861927996146621,53.22956034977021,0.041666666666666664,1.0,QPSK,0.0203125,0.2,25.6
27,fixed_qpsk,17.845976130181583,11.913490723819836,0.0,0.0,QPSK,0.0,1.0,128.0
27,rule_based,17.845976130181583,11.913490723819836,0.0,0.0,16QAM,0.0,1.0,256.0
27,ml_based,17.845976130181583,11.913490723819836,0.0,0.0,16QAM,0.0,1.0,256.0
28,fixed_qpsk,13.059394678519338,22.677045366443707,0.0,0.0,QPSK,0.0,1.0,128.0
28,rule_based,13.059394678519338,22.677045366443707,0.0,0.0,16QAM,0.0140625,0.4,102.4
28,ml_based,13.059394678519338,22.677045366443707,0.0,0.0,QPSK,0.0,1.0,128.0
29,fixed_qpsk,8.999745112354494,36.878006009835914,0.0,0.0,QPSK,0.0,1.0,128.0
29,rule_based,8.999745112354494,36.878006009835914,0.0,0.0,QPSK,0.0,1.0,128.0
29,ml_based,8.999745112354494,36.878006009835914,0.0,0.0,QPSK,0.0,1.0,128.0
30,fixed_qpsk,6.282483637086587,50.215412014297435,0.013020833333333334,0.6666666666666666,QPSK,0.0234375,0.2,25.6
30,rule_based,6.282483637086587,50.215412014297435,0.013020833333333334,0.6666666666666666,QPSK,0.0234375,0.2,25.6
30,ml_based,6.282483637086587,50.215412014297435,0.013020833333333334,0.6666666666666666,QPSK,0.0234375,0.2,25.6
31,fixed_qpsk,26.238721715765386,4.747105480437726,0.0,0.0,QPSK,0.0,1.0,128.0
31,rule_based,26.238721715765386,4.747105480437726,0.0,0.0,64QAM,0.0,1.0,384.0
31,ml_based,26.238721715765386,4.747105480437726,0.0,0.0,64QAM,0.0,1.0,384.0
32,fixed_qpsk,23.92386946564298,6.244215037310685,0.0,0.0,QPSK,0.0,1.0,128.0
32,rule_based,23.92386946564298,6.244215037310685,0.0,0.0,64QAM,0.0,1.0,384.0
32,ml_based,23.92386946564298,6.244215037310685,0.0,0.0,64QAM,0.0,1.0,384.0
33,fixed_qpsk,18.20129030054937,12.588782128093834,0.0,0.0,QPSK,0.0,1.0,128.0
33,rule_based,18.20129030054937,12.588782128093834,0.0,0.0,16QAM,0.0,1.0,256.0
33,ml_based,18.20129030054937,12.588782128093834,0.0,0.0,16QAM,0.0,1.0,256.0
34,fixed_qpsk,10.353017360018764,29.161238225385787,0.0,0.0,QPSK,0.0,1.0,128.0
34,rule_based,10.353017360018764,29.161238225385787,0.0,0.0,QPSK,0.0,1.0,128.0
34,ml_based,10.353017360018764,29.161238225385787,0.0,0.0,QPSK,0.0,1.0,128.0
35,fixed_qpsk,28.404593729389454,3.6219194026072112,0.0,0.0,QPSK,0.0,1.0,128.0
35,rule_based,28.404593729389454,3.6219194026072112,0.0,0.0,64QAM,0.0,1.0,384.0
35,ml_based,28.404593729389454,3.6219194026072112,0.0,0.0,64QAM,0.0,1.0,384.0
36,fixed_qpsk,16.901321235076367,14.348225171853867,0.0,0.0,QPSK,0.0,1.0,128.0
36,rule_based,16.901321235076367,14.348225171853867,0.0,0.0,16QAM,0.00078125,1.0,256.0
36,ml_based,16.901321235076367,14.348225171853867,0.0,0.0,16QAM,0.00078125,1.0,256.0
37,fixed_qpsk,12.98288218859856,21.757715926254832,0.0,0.0,QPSK,0.0,1.0,128.0
37,rule_based,12.98288218859856,21.757715926254832,0.0,0.0,16QAM,0.0203125,0.2,51.2
37,ml_based,12.98288218859856,21.757715926254832,0.0,0.0,QPSK,0.0,1.0,128.0
38,fixed_qpsk,27.01348797012666,4.562661572606464,0.0,0.0,QPSK,0.0,1.0,128.0
38,rule_based,27.01348797012666,4.562661572606464,0.0,0.0,64QAM,0.0,1.0,384.0
38,ml_based,27.01348797012666,4.562661572606464,0.0,0.0,64QAM,0.0,1.0,384.0
39,fixed_qpsk,9.580254117055873,30.931190107121182,0.0,0.0,QPSK,0.0,1.0,128.0
39,rule_based,9.580254117055873,30.931190107121182,0.0,0.0,QPSK,0.0,1.0,128.0
39,ml_based,9.580254117055873,30.931190107121182,0.0,0.0,QPSK,0.0,1.0,128.0
40,fixed_qpsk,20.879846104013502,9.103611405277583,0.0,0.0,QPSK,0.0,1.0,128.0
40,rule_based,20.879846104013502,9.103611405277583,0.0,0.0,64QAM,0.005208333333333333,0.8,307.2
40,ml_based,20.879846104013502,9.103611405277583,0.0,0.0,64QAM,0.005208333333333333,0.8,307.2
41,fixed_qpsk,9.414609817871103,33.12886857692299,0.0026041666666666665,0.3333333333333333,QPSK,0.0015625,1.0,128.0
41,rule_based,9.414609817871103,33.12886857692299,0.0026041666666666665,0.3333333333333333,QPSK,0.0015625,1.0,128.0
41,ml_based,9.414609817871103,33.12886857692299,0.0026041666666666665,0.3333333333333333,QPSK,0.0015625,1.0,128.0
42,fixed_qpsk,7.846591389354,40.200602809825384,0.0026041666666666665,0.3333333333333333,QPSK,0.0078125,0.6,76.8
42,rule_based,7.846591389354,40.200602809825384,0.0026041666666666665,0.3333333333333333,QPSK,0.0078125,0.6,76.8
42,ml_based,7.846591389354,40.200602809825384,0.0026041666666666665,0.3333333333333333,QPSK,0.0078125,0.6,76.8
43,fixed_qpsk,21.025226685025665,8.934971927183238,0.0,0.0,QPSK,0.0,1.0,128.0
43,rule_based,21.025226685025665,8.934971927183238,0.0,0.0,64QAM,0.00625,0.8,307.2
43,ml_based,21.025226685025665,8.934971927183238,0.0,0.0,64QAM,0.00625,0.8,307.2
44,fixed_qpsk,6.836759367220731,48.284578402764936,0.026041666666666668,1.0,QPSK,0.0171875,0.2,25.6
44,rule_based,6.836759367220731,48.284578402764936,0.026041666666666668,1.0,QPSK,0.0171875,0.2,25.6
44,ml_based,6.836759367220731,48.284578402764936,0.026041666666666668,1.0,QPSK,0.0171875,0.2,25.6
45,fixed_qpsk,14.793309689546422,17.397789400364307,0.0,0.0,QPSK,0.0,1.0,128.0
45,rule_based,14.793309689546422,17.397789400364307,0.0,0.0,16QAM,0.0046875,1.0,256.0
45,ml_based,14.793309689546422,17.397789400364307,0.0,0.0,16QAM,0.0046875,1.0,256.0
46,fixed_qpsk,17.400853590616684,13.753015803833321,0.0,0.0,QPSK,0.0,1.0,128.0
46,rule_based,17.400853590616684,13.753015803833321,0.0,0.0,16QAM,0.0,1.0,256.0
46,ml_based,17.400853590616684,13.753015803833321,0.0,0.0,16QAM,0.0,1.0,256.0
47,fixed_qpsk,5.667190942633753,52.64533987420875,0.033854166666666664,1.0,QPSK,0.028125,0.0,0.0
47,rule_based,5.667190942633753,52.64533987420875,0.033854166666666664,1.0,QPSK,0.028125,0.0,0.0
47,ml_based,5.667190942633753,52.64533987420875,0.033854166666666664,1.0,QPSK,0.028125,0.0,0.0
48,fixed_qpsk,21.93721975075334,7.626871781112926,0.0,0.0,QPSK,0.0,1.0,128.0
48,rule_based,21.93721975075334,7.626871781112926,0.0,0.0,64QAM,0.0015625,1.0,384.0
48,ml_based,21.93721975075334,7.626871781112926,0.0,0.0,64QAM,0.0015625,1.0,384.0
49,fixed_qpsk,16.454491938738908,14.85849966960231,0.0,0.0,QPSK,0.0,1.0,128.0
49,rule_based,16.454491938738908,14.85849966960231,0.0,0.0,16QAM,0.0015625,1.0,256.0
49,ml_based,16.454491938738908,14.85849966960231,0.0,0.0,16QAM,0.0015625,1.0,256.0
50,fixed_qpsk,18.64509778877813,12.003782367015502,0.0,0.0,QPSK,0.0,1.0,128.0
50,rule_based,18.64509778877813,12.003782367015502,0.0,0.0,16QAM,0.0,1.0,256.0
50,ml_based,18.64509778877813,12.003782367015502,0.0,0.0,16QAM,0.0,1.0,256.0
51,fixed_qpsk,11.164329503904897,26.618491088148456,0.0,0.0,QPSK,0.0,1.0,128.0
51,rule_based,11.164329503904897,26.618491088148456,0.0,0.0,QPSK,0.0,1.0,128.0
51,ml_based,11.164329503904897,26.618491088148456,0.0,0.0,QPSK,0.0,1.0,128.0
52,fixed_qpsk,12.605797797619015,24.74744179251832,0.0,0.0,QPSK,0.0,1.0,128.0
52,rule_based,12.605797797619015,24.74744179251832,0.0,0.0,16QAM,0.021875,0.0,0.0
52,ml_based,12.605797797619015,24.74744179251832,0.0,0.0,QPSK,0.0,1.0,128.0
53,fixed_qpsk,14.844890337511687,17.429570834606146,0.0,0.0,QPSK,0.0,1.0,128.0
53,rule_based,14.844890337511687,17.429570834606146,0.0,0.0,16QAM,0.00234375,1.0,256.0
53,ml_based,14.844890337511687,17.429570834606146,0.0,0.0,16QAM,0.00234375,1.0,256.0
54,fixed_qpsk,14.099127372185094,20.629666085308298,0.0,0.0,QPSK,0.0,1.0,128.0
54,rule_based,14.099127372185094,20.629666085308298,0.0,0.0,16QAM,0.01328125,0.4,102.4
54,ml_based,14.099127372185094,20.629666085308298,0.0,0.0,16QAM,0.01328125,0.4,102.4
55,fixed_qpsk,20.26917668548869,10.305606729876873,0.0,0.0,QPSK,0.0,1.0,128.0
55,rule_based,20.26917668548869,10.305606729876873,0.0,0.0,64QAM,0.010416666666666668,0.6,230.4
55,ml_based,20.26917668548869,10.305606729876873,0.0,0.0,64QAM,0.010416666666666668,0.6,230.4
56,fixed_qpsk,17.315325134885978,13.331672736610486,0.0,0.0,QPSK,0.0,1.0,128.0
56,rule_based,17.315325134885978,13.331672736610486,0.0,0.0,16QAM,0.0,1.0,256.0
56,ml_based,17.315325134885978,13.331672736610486,0.0,0.0,16QAM,0.0,1.0,256.0
57,fixed_qpsk,12.488119289773989,23.104613106705095,0.0,0.0,QPSK,0.0,1.0,128.0
57,rule_based,12.488119289773989,23.104613106705095,0.0,0.0,16QAM,0.028125,0.0,0.0
57,ml_based,12.488119289773989,23.104613106705095,0.0,0.0,QPSK,0.0,1.0,128.0
58,fixed_qpsk,0.05407060820457055,97.95032649054956,0.1640625,1.0,QPSK,0.1890625,0.0,0.0
58,rule_based,0.05407060820457055,97.95032649054956,0.1640625,1.0,QPSK,0.1890625,0.0,0.0
58,ml_based,0.05407060820457055,97.95032649054956,0.1640625,1.0,QPSK,0.1890625,0.0,0.0
59,fixed_qpsk,23.820931823265127,6.37232293947543,0.0,0.0,QPSK,0.0,1.0,128.0
59,rule_based,23.820931823265127,6.37232293947543,0.0,0.0,64QAM,0.0,1.0,384.0
59,ml_based,23.820931823265127,6.37232293947543,0.0,0.0,64QAM,0.0,1.0,384.0
60,fixed_qpsk,15.581526634330068,16.792205758407942,0.0,0.0,QPSK,0.0,1.0,128.0
60,rule_based,15.581526634330068,16.792205758407942,0.0,0.0,16QAM,0.00234375,1.0,256.0
60,ml_based,15.581526634330068,16.792205758407942,0.0,0.0,16QAM,0.00234375,1.0,256.0
61,fixed_qpsk,9.7963399143381,30.54191852497519,0.0,0.0,QPSK,0.0015625,1.0,128.0
61,rule_based,9.7963399143381,30.54191852497519,0.0,0.0,QPSK,0.0015625,1.0,128.0
61,ml_based,9.7963399143381,30.54191852497519,0.0,0.0,QPSK,0.0015625,1.0,128.0
62,fixed_qpsk,14.998650672335819,18.53368911716691,0.0,0.0,QPSK,0.0,1.0,128.0
62,rule_based,14.998650672335819,18.53368911716691,0.0,0.0,16QAM,0.00390625,0.8,204.8
62,ml_based,14.998650672335819,18.53368911716691,0.0,0.0,16QAM,0.00390625,0.8,204.8
63,fixed_qpsk,2.8033780048385415,72.16437469026836,0.0859375,1.0,QPSK,0.084375,0.0,0.0
63,rule_based,2.8033780048385415,72.16437469026836,0.0859375,1.0,QPSK,0.084375,0.0,0.0
63,ml_based,2.8033780048385415,72.16437469026836,0.0859375,1.0,QPSK,0.084375,0.0,0.0
64,fixed_qpsk,27.141122176600586,4.5905387553446495,0.0,0.0,QPSK,0.0,1.0,128.0
64,rule_based,27.141122176600586,4.5905387553446495,0.0,0.0,64QAM,0.0,1.0,384.0
64,ml_based,27.141122176600586,4.5905387553446495,0.0,0.0,64QAM,0.0,1.0,384.0
65,fixed_qpsk,29.692085027535104,3.2265334533402057,0.0,0.0,QPSK,0.0,1.0,128.0
65,rule_based,29.692085027535104,3.2265334533402057,0.0,0.0,64QAM,0.0,1.0,384.0
65,ml_based,29.692085027535104,3.2265334533402057,0.0,0.0,64QAM,0.0,1.0,384.0
66,fixed_qpsk,1.7620565254674891,82.9538593306381,0.1171875,1.0,QPSK,0.13125,0.0,0.0
66,rule_based,1.7620565254674891,82.9538593306381,0.1171875,1.0,QPSK,0.13125,0.0,0.0
66,ml_based,1.7620565254674891,82.9538593306381,0.1171875,1.0,QPSK,0.13125,0.0,0.0
67,fixed_qpsk,10.746936557741442,29.735041678327175,0.0,0.0,QPSK,0.0,1.0,128.0
67,rule_based,10.746936557741442,29.735041678327175,0.0,0.0,QPSK,0.0,1.0,128.0
67,ml_based,10.746936557741442,29.735041678327175,0.0,0.0,QPSK,0.0,1.0,128.0
68,fixed_qpsk,21.901937334572505,8.086188611019054,0.0,0.0,QPSK,0.0,1.0,128.0
68,rule_based,21.901937334572505,8.086188611019054,0.0,0.0,64QAM,0.0026041666666666665,1.0,384.0
68,ml_based,21.901937334572505,8.086188611019054,0.0,0.0,64QAM,0.0026041666666666665,1.0,384.0
69,fixed_qpsk,9.427143936536481,34.552333591479616,0.0026041666666666665,0.3333333333333333,QPSK,0.0015625,1.0,128.0
69,rule_based,9.427143936536481,34.552333591479616,0.0026041666666666665,0.3333333333333333,QPSK,0.0015625,1.0,128.0
69,ml_based,9.427143936536481,34.552333591479616,0.0026041666666666665,0.3333333333333333,QPSK,0.0015625,1.0,128.0
70,fixed_qpsk,17.011492750933467,14.701977133779161,0.0,0.0,QPSK,0.0,1.0,128.0
70,rule_based,17.011492750933467,14.701977133779161,0.0,0.0,16QAM,0.0,1.0,256.0
70,ml_based,17.011492750933467,14.701977133779161,0.0,0.0,16QAM,0.0,1.0,256.0
71,fixed_qpsk,12.497128869450897,22.272022719582516,0.0,0.0,QPSK,0.0,1.0,128.0
71,rule_based,12.497128869450897,22.272022719582516,0.0,0.0,16QAM,0.01875,0.2,51.2
71,ml_based,12.497128869450897,22.272022719582516,0.0,0.0,QPSK,0.0,1.0,128.0
72,fixed_qpsk,23.22636472892625,6.622342751380571,0.0,0.0,QPSK,0.0,1.0,128.0
72,rule_based,23.22636472892625,6.622342751380571,0.0,0.0,64QAM,0.0010416666666666667,1.0,384.0
72,ml_based,23.22636472892625,6.622342751380571,0.0,0.0,64QAM,0.0010416666666666667,1.0,384.0
73,fixed_qpsk,28.753932028921014,3.648300228096421,0.0,0.0,QPSK,0.0,1.0,128.0
73,rule_based,28.753932028921014,3.648300228096421,0.0,0.0,64QAM,0.0,1.0,384.0
73,ml_based,28.753932028921014,3.648300228096421,0.0,0.0,64QAM,0.0,1.0,384.0
74,fixed_qpsk,26.6518627895003,4.731906323217048,0.0,0.0,QPSK,0.0,1.0,128.0
74,rule_based,26.6518627895003,4.731906323217048,0.0,0.0,64QAM,0.0,1.0,384.0
74,ml_based,26.6518627895003,4.731906323217048,0.0,0.0,64QAM,0.0,1.0,384.0
75,fixed_qpsk,18.628063956001483,11.614789606608893,0.0,0.0,QPSK,0.0,1.0,128.0
75,rule_based,18.628063956001483,11.614789606608893,0.0,0.0,16QAM,0.0,1.0,256.0
75,ml_based,18.628063956001483,11.614789606608893,0.0,0.0,16QAM,0.0,1.0,256.0
76,fixed_qpsk,4.808229380042094,59.4458186503251,0.052083333333333336,1.0,QPSK,0.03125,0.0,0.0
76,rule_based,4.808229380042094,59.4458186503251,0.052083333333333336,1.0,QPSK,0.03125,0.0,0.0
76,ml_based,4.808229380042094,59.4458186503251,0.052083333333333336,1.0,QPSK,0.03125,0.0,0.0
77,fixed_qpsk,28.411862499349883,3.599925973373943,0.0,0.0,QPSK,0.0,1.0,128.0
77,rule_based,28.411862499349883,3.599925973373943,0.0,0.0,64QAM,0.0,1.0,384.0
77,ml_based,28.411862499349883,3.599925973373943,0.0,0.0,64QAM,0.0,1.0,384.0
78,fixed_qpsk,0.7089728601532819,88.07944397933328,0.11979166666666667,1.0,QPSK,0.1296875,0.0,0.0
78,rule_based,0.7089728601532819,88.07944397933328,0.11979166666666667,1.0,QPSK,0.1296875,0.0,0.0
78,ml_based,0.7089728601532819,88.07944397933328,0.11979166666666667,1.0,QPSK,0.1296875,0.0,0.0
79,fixed_qpsk,8.931283692625843,31.76428971255541,0.0,0.0,QPSK,0.0,1.0,128.0
79,rule_based,8.931283692625843,31.76428971255541,0.0,0.0,QPSK,0.0,1.0,128.0
79,ml_based,8.931283692625843,31.76428971255541,0.0,0.0,QPSK,0.0,1.0,128.0
80,fixed_qpsk,8.448404793017874,39.21301661517181,0.005208333333333333,0.3333333333333333,QPSK,0.003125,1.0,128.0
80,rule_based,8.448404793017874,39.21301661517181,0.005208333333333333,0.3333333333333333,QPSK,0.003125,1.0,128.0
80,ml_based,8.448404793017874,39.21301661517181,0.005208333333333333,0.3333333333333333,QPSK,0.003125,1.0,128.0
81,fixed_qpsk,20.15477945168114,10.052324349981829,0.0,0.0,QPSK,0.0,1.0,128.0
81,rule_based,20.15477945168114,10.052324349981829,0.0,0.0,64QAM,0.00625,0.8,307.2
81,ml_based,20.15477945168114,10.052324349981829,0.0,0.0,64QAM,0.00625,0.8,307.2
82,fixed_qpsk,14.620891982175344,18.805030670064934,0.0,0.0,QPSK,0.0,1.0,128.0
82,rule_based,14.620891982175344,18.805030670064934,0.0,0.0,16QAM,0.00625,1.0,256.0
82,ml_based,14.620891982175344,18.805030670064934,0.0,0.0,16QAM,0.00625,1.0,256.0
83,fixed_qpsk,2.7866564627234167,74.75585894398348,0.10677083333333333,1.0,QPSK,0.0859375,0.0,0.0
83,rule_based,2.7866564627234167,74.75585894398348,0.10677083333333333,1.0,QPSK,0.0859375,0.0,0.0
83,ml_based,2.7866564627234167,74.75585894398348,0.10677083333333333,1.0,QPSK,0.0859375,0.0,0.0
84,fixed_qpsk,0.38573663234791056,93.5931133203214,0.140625,1.0,QPSK,0.1328125,0.0,0.0
84,rule_based,0.38573663234791056,93.5931133203214,0.140625,1.0,QPSK,0.1328125,0.0,0.0
84,ml_based,0.38573663234791056,93.5931133203214,0.140625,1.0,QPSK,0.1328125,0.0,0.0
85,fixed_qpsk,18.129472403209135,11.86250649594091,0.0,0.0,QPSK,0.0,1.0,128.0
85,rule_based,18.129472403209135,11.86250649594091,0.0,0.0,16QAM,0.0,1.0,256.0
85,ml_based,18.129472403209135,11.86250649594091,0.0,0.0,16QAM,0.0,1.0,256.0
86,fixed_qpsk,14.744499970227784,17.91486667794435,0.0,0.0,QPSK,0.0,1.0,128.0
86,rule_based,14.744499970227784,17.91486667794435,0.0,0.0,16QAM,0.00546875,0.6,153.6
86,ml_based,14.744499970227784,17.91486667794435,0.0,0.0,16QAM,0.00546875,0.6,153.6
87,fixed_qpsk,18.041463640212033,12.074126635723998,0.0,0.0,QPSK,0.0,1.0,128.0
87,rule_based,18.041463640212033,12.074126635723998,0.0,0.0,16QAM,0.0,1.0,256.0
87,ml_based,18.041463640212033,12.074126635723998,0.0,0.0,16QAM,0.0,1.0,256.0
88,fixed_qpsk,16.920715915966035,15.059401188521864,0.0,0.0,QPSK,0.0,1.0,128.0
88,rule_based,16.920715915966035,15.059401188521864,0.0,0.0,16QAM,0.0015625,1.0,256.0
88,ml_based,16.920715915966035,15.059401188521864,0.0,0.0,16QAM,0.0015625,1.0,256.0
89,fixed_qpsk,26.7137732489904,4.3885136651399055,0.0,0.0,QPSK,0.0,1.0,128.0
89,rule_based,26.7137732489904,4.3885136651399055,0.0,0.0,64QAM,0.0,1.0,384.0
89,ml_based,26.7137732489904,4.3885136651399055,0.0,0.0,64QAM,0.0,1.0,384.0
90,fixed_qpsk,27.551905736117902,4.455594906421581,0.0,0.0,QPSK,0.0,1.0,128.0
90,rule_based,27.551905736117902,4.455594906421581,0.0,0.0,64QAM,0.0,1.0,384.0
90,ml_based,27.551905736117902,4.455594906421581,0.0,0.0,64QAM,0.0,1.0,384.0
91,fixed_qpsk,5.647714833070951,53.08372137228673,0.028645833333333332,1.0,QPSK,0.0203125,0.2,25.6
91,rule_based,5.647714833070951,53.08372137228673,0.028645833333333332,1.0,QPSK,0.0203125,0.2,25.6
91,ml_based,5.647714833070951,53.08372137228673,0.028645833333333332,1.0,QPSK,0.0203125,0.2,25.6
92,fixed_qpsk,28.263626084116027,3.696885993091022,0.0,0.0,QPSK,0.0,1.0,128.0
92,rule_based,28.263626084116027,3.696885993091022,0.0,0.0,64QAM,0.0,1.0,384.0
92,ml_based,28.263626084116027,3.696885993091022,0.0,0.0,64QAM,0.0,1.0,384.0
93,fixed_qpsk,23.631798789683508,6.812979441251859,0.0,0.0,QPSK,0.0,1.0,128.0
93,rule_based,23.631798789683508,6.812979441251859,0.0,0.0,64QAM,0.0,1.0,384.0
93,ml_based,23.631798789683508,6.812979441251859,0.0,0.0,64QAM,0.0,1.0,384.0
94,fixed_qpsk,19.170787566688993,10.775518520535755,0.0,0.0,QPSK,0.0,1.0,128.0
94,rule_based,19.170787566688993,10.775518520535755,0.0,0.0,16QAM,0.0,1.0,256.0
94,ml_based,19.170787566688993,10.775518520535755,0.0,0.0,16QAM,0.0,1.0,256.0
95,fixed_qpsk,19.78821802472848,10.014100830022366,0.0,0.0,QPSK,0.0,1.0,128.0
95,rule_based,19.78821802472848,10.014100830022366,0.0,0.0,16QAM,0.0,1.0,256.0
95,ml_based,19.78821802472848,10.014100830022366,0.0,0.0,16QAM,0.0,1.0,256.0
96,fixed_qpsk,16.381806897019274,15.265324830643104,0.0,0.0,QPSK,0.0,1.0,128.0
96,rule_based,16.381806897019274,15.265324830643104,0.0,0.0,16QAM,0.0015625,1.0,256.0
96,ml_based,16.381806897019274,15.265324830643104,0.0,0.0,16QAM,0.0015625,1.0,256.0
97,fixed_qpsk,27.51789898928522,3.9740799802045195,0.0,0.0,QPSK,0.0,1.0,128.0
97,rule_based,27.51789898928522,3.9740799802045195,0.0,0.0,64QAM,0.0,1.0,384.0
97,ml_based,27.51789898928522,3.9740799802045195,0.0,0.0,64QAM,0.0,1.0,384.0
98,fixed_qpsk,6.997896186004162,43.63979555940887,0.013020833333333334,1.0,QPSK,0.0140625,0.4,51.2
98,rule_based,6.997896186004162,43.63979555940887,0.013020833333333334,1.0,QPSK,0.0140625,0.4,51.2
98,ml_based,6.997896186004162,43.63979555940887,0.013020833333333334,1.0,QPSK,0.0140625,0.4,51.2
99,fixed_qpsk,17.979479768087426,12.237170055597202,0.0,0.0,QPSK,0.0,1.0,128.0
99,rule_based,17.979479768087426,12.237170055597202,0.0,0.0,16QAM,0.0,1.0,256.0
99,ml_based,17.979479768087426,12.237170055597202,0.0,0.0,16QAM,0.0,1.0,256.0
100,fixed_qpsk,24.427291856149516,6.089143304066153,0.0,0.0,QPSK,0.0,1.0,128.0
100,rule_based,24.427291856149516,6.089143304066153,0.0,0.0,64QAM,0.0,1.0,384.0
100,ml_based,24.427291856149516,6.089143304066153,0.0,0.0,64QAM,0.0,1.0,384.0
101,fixed_qpsk,4.042843548633899,60.84118995066908,0.0546875,1.0,QPSK,0.0609375,0.0,0.0
101,rule_based,4.042843548633899,60.84118995066908,0.0546875,1.0,QPSK,0.0609375,0.0,0.0
101,ml_based,4.042843548633899,60.84118995066908,0.0546875,1.0,QPSK,0.0609375,0.0,0.0
102,fixed_qpsk,18.46524823076601,11.334569217634598,0.0,0.0,QPSK,0.0,1.0,128.0
102,rule_based,18.46524823076601,11.334569217634598,0.0,0.0,16QAM,0.0,1.0,256.0
102,ml_based,18.46524823076601,11.334569217634598,0.0,0.0,16QAM,0.0,1.0,256.0
103,fixed_qpsk,12.085004265887218,25.459020845840946,0.0,0.0,QPSK,0.0,1.0,128.0
103,rule_based,12.085004265887218,25.459020845840946,0.0,0.0,16QAM,0.02578125,0.0,0.0
103,ml_based,12.085004265887218,25.459020845840946,0.0,0.0,QPSK,0.0,1.0,128.0
104,fixed_qpsk,22.981090243988486,7.084293430972448,0.0,0.0,QPSK,0.0,1.0,128.0
104,rule_based,22.981090243988486,7.084293430972448,0.0,0.0,64QAM,0.0010416666666666667,1.0,384.0
104,ml_based,22.981090243988486,7.084293430972448,0.0,0.0,64QAM,0.0010416666666666667,1.0,384.0
105,fixed_qpsk,2.0314308186162178,73.04743119674627,0.09895833333333333,1.0,QPSK,0.109375,0.0,0.0
105,rule_based,2.0314308186162178,73.04743119674627,0.09895833333333333,1.0,QPSK,0.109375,0.0,0.0
105,ml_based,2.0314308186162178,73.04743119674627,0.09895833333333333,1.0,QPSK,0.109375,0.0,0.0
106,fixed_qpsk,18.2044314310261,12.292940199697373,0.0,0.0,QPSK,0.0,1.0,128.0
106,rule_based,18.2044314310261,12.292940199697373,0.0,0.0,16QAM,0.0,1.0,256.0
106,ml_based,18.2044314310261,12.292940199697373,0.0,0.0,16QAM,0.0,1.0,256.0
107,fixed_qpsk,25.712360699599405,4.980205611634888,0.0,0.0,QPSK,0.0,1.0,128.0
107,rule_based,25.712360699599405,4.980205611634888,0.0,0.0,64QAM,0.0,1.0,384.0
107,ml_based,25.712360699599405,4.980205611634888,0.0,0.0,64QAM,0.0,1.0,384.0
108,fixed_qpsk,18.850435870892717,11.745803753803381,0.0,0.0,QPSK,0.0,1.0,128.0
108,rule_based,18.850435870892717,11.745803753803381,0.0,0.0,16QAM,0.0,1.0,256.0
108,ml_based,18.850435870892717,11.745803753803381,0.0,0.0,16QAM,0.0,1.0,256.0
109,fixed_qpsk,9.640130863605624,32.2490646787943,0.0026041666666666665,0.3333333333333333,QPSK,0.0,1.0,128.0
109,rule_based,9.640130863605624,32.2490646787943,0.0026041666666666665,0.3333333333333333,QPSK,0.0,1.0,128.0
109,ml_based,9.640130863605624,32.2490646787943,0.0026041666666666665,0.3333333333333333,QPSK,0.0,1.0,128.0
110,fixed_qpsk,19.673881677656674,10.871188047871449,0.0,0.0,QPSK,0.0,1.0,128.0
110,rule_based,19.673881677656674,10.871188047871449,0.0,0.0,16QAM,0.0,1.0,256.0
110,ml_based,19.673881677656674,10.871188047871449,0.0,0.0,16QAM,0.0,1.0,256.0
111,fixed_qpsk,10.144585282080323,31.819734610047313,0.0,0.0,QPSK,0.0,1.0,128.0
111,rule_based,10.144585282080323,31.819734610047313,0.0,0.0,QPSK,0.0,1.0,128.0
111,ml_based,10.144585282080323,31.819734610047313,0.0,0.0,QPSK,0.0,1.0,128.0
112,fixed_qpsk,20.057783652302703,9.49073725591913,0.0,0.0,QPSK,0.0,1.0,128.0
112,rule_based,20.057783652302703,9.49073725591913,0.0,0.0,64QAM,0.008333333333333333,0.6,230.4
112,ml_based,20.057783652302703,9.49073725591913,0.0,0.0,64QAM,0.008333333333333333,0.6,230.4
113,fixed_qpsk,3.850332043261605,64.4402618600894,0.059895833333333336,1.0,QPSK,0.0640625,0.0,0.0
113,rule_based,3.850332043261605,64.4402618600894,0.059895833333333336,1.0,QPSK,0.0640625,0.0,0.0
113,ml_based,3.850332043261605,64.4402618600894,0.059895833333333336,1.0,QPSK,0.0640625,0.0,0.0
114,fixed_qpsk,8.399752325876781,40.14215801786443,0.0026041666666666665,0.3333333333333333,QPSK,0.0078125,0.8,102.4
114,rule_based,8.399752325876781,40.14215801786443,0.0026041666666666665,0.3333333333333333,QPSK,0.0078125,0.8,102.4
114,ml_based,8.399752325876781,40.14215801786443,0.0026041666666666665,0.3333333333333333,QPSK,0.0078125,0.8,102.4
115,fixed_qpsk,0.981551345907461,93.12519187309918,0.18489583333333334,1.0,QPSK,0.1015625,0.0,0.0
115,rule_based,0.981551345907461,93.12519187309918,0.18489583333333334,1.0,QPSK,0.1015625,0.0,0.0
115,ml_based,0.981551345907461,93.12519187309918,0.18489583333333334,1.0,QPSK,0.1015625,0.0,0.0
116,fixed_qpsk,2.5172816688807256,76.73402647110508,0.1171875,1.0,QPSK,0.103125,0.0,0.0
116,rule_based,2.5172816688807256,76.73402647110508,0.1171875,1.0,QPSK,0.103125,0.0,0.0
116,ml_based,2.5172816688807256,76.73402647110508,0.1171875,1.0,QPSK,0.103125,0.0,0.0
117,fixed_qpsk,16.643088594495197,14.33942041543017,0.0,0.0,QPSK,0.0,1.0,128.0
117,rule_based,16.643088594495197,14.33942041543017,0.0,0.0,16QAM,0.0,1.0,256.0
117,ml_based,16.643088594495197,14.33942041543017,0.0,0.0,16QAM,0.0,1.0,256.0
118,fixed_qpsk,6.9509466417692165,47.44986023173358,0.020833333333333332,1.0,QPSK,0.021875,0.2,25.6
118,rule_based,6.9509466417692165,47.44986023173358,0.020833333333333332,1.0,QPSK,0.021875,0.2,25.6
118,ml_based,6.9509466417692165,47.44986023173358,0.020833333333333332,1.0,QPSK,0.021875,0.2,25.6
119,fixed_qpsk,15.482477629131955,16.395929771882432,0.0,0.0,QPSK,0.0,1.0,128.0
119,rule_based,15.482477629131955,16.395929771882432,0.0,0.0,16QAM,0.00078125,1.0,256.0
119,ml_based,15.482477629131955,16.395929771882432,0.0,0.0,16QAM,0.00078125,1.0,256.0
120,fixed_qpsk,19.787085992185233,10.240040261563015,0.0,0.0,QPSK,0.0,1.0,128.0
120,rule_based,19.787085992185233,10.240040261563015,0.0,0.0,16QAM,0.0,1.0,256.0
120,ml_based,19.787085992185233,10.240040261563015,0.0,0.0,16QAM,0.0,1.0,256.0
121,fixed_qpsk,26.435585380485705,4.62106220971131,0.0,0.0,QPSK,0.0,1.0,128.0
121,rule_based,26.435585380485705,4.62106220971131,0.0,0.0,64QAM,0.0,1.0,384.0
121,ml_based,26.435585380485705,4.62106220971131,0.0,0.0,64QAM,0.0,1.0,384.0
122,fixed_qpsk,10.65183043765616,29.34495029445385,0.0,0.0,QPSK,0.0015625,1.0,128.0
122,rule_based,10.65183043765616,29.34495029445385,0.0,0.0,QPSK,0.0015625,1.0,128.0
122,ml_based,10.65183043765616,29.34495029445385,0.0,0.0,QPSK,0.0015625,1.0,128.0
123,fixed_qpsk,9.560368993162355,32.3793364313983,0.0,0.0,QPSK,0.0015625,1.0,128.0
123,rule_based,9.560368993162355,32.3793364313983,0.0,0.0,QPSK,0.0015625,1.0,128.0
123,ml_based,9.560368993162355,32.3793364313983,0.0,0.0,QPSK,0.0015625,1.0,128.0
124,fixed_qpsk,9.41000224691424,32.38004458315232,0.0,0.0,QPSK,0.0,1.0,128.0
124,rule_based,9.41000224691424,32.38004458315232,0.0,0.0,QPSK,0.0,1.0,128.0
124,ml_based,9.41000224691424,32.38004458315232,0.0,0.0,QPSK,0.0,1.0,128.0
125,fixed_qpsk,3.5354893357318584,65.5098316981414,0.052083333333333336,1.0,QPSK,0.065625,0.2,25.6
125,rule_based,3.5354893357318584,65.5098316981414,0.052083333333333336,1.0,QPSK,0.065625,0.2,25.6
125,ml_based,3.5354893357318584,65.5098316981414,0.052083333333333336,1.0,QPSK,0.065625,0.2,25.6
126,fixed_qpsk,19.895500939717934,10.298036036866502,0.0,0.0,QPSK,0.0,1.0,128.0
126,rule_based,19.895500939717934,10.298036036866502,0.0,0.0,16QAM,0.0,1.0,256.0
126,ml_based,19.895500939717934,10.298036036866502,0.0,0.0,64QAM,0.009375000000000001,0.6,230.4
127,fixed_qpsk,24.58963744311631,5.677673615244508,0.0,0.0,QPSK,0.0,1.0,128.0
127,rule_based,24.58963744311631,5.677673615244508,0.0,0.0,64QAM,0.0,1.0,384.0
127,ml_based,24.58963744311631,5.677673615244508,0.0,0.0,64QAM,0.0,1.0,384.0
128,fixed_qpsk,14.190145825889664,19.828093993155214,0.0,0.0,QPSK,0.0,1.0,128.0
128,rule_based,14.190145825889664,19.828093993155214,0.0,0.0,16QAM,0.0078125,0.6,153.6
128,ml_based,14.190145825889664,19.828093993155214,0.0,0.0,16QAM,0.0078125,0.6,153.6
129,fixed_qpsk,16.748921908456424,14.81464837826654,0.0,0.0,QPSK,0.0,1.0,128.0
129,rule_based,16.748921908456424,14.81464837826654,0.0,0.0,16QAM,0.00078125,1.0,256.0
129,ml_based,16.748921908456424,14.81464837826654,0.0,0.0,16QAM,0.00078125,1.0,256.0
130,fixed_qpsk,28.75440341086855,3.6244547049663947,0.0,0.0,QPSK,0.0,1.0,128.0
130,rule_based,28.75440341086855,3.6244547049663947,0.0,0.0,64QAM,0.0,1.0,384.0
130,ml_based,28.75440341086855,3.6244547049663947,0.0,0.0,64QAM,0.0,1.0,384.0
131,fixed_qpsk,20.967455149574658,8.295714655962179,0.0,0.0,QPSK,0.0,1.0,128.0
131,rule_based,20.967455149574658,8.295714655962179,0.0,0.0,64QAM,0.003125,1.0,384.0
131,ml_based,20.967455149574658,8.295714655962179,0.0,0.0,64QAM,0.003125,1.0,384.0
132,fixed_qpsk,22.351046599429555,7.325773401880865,0.0,0.0,QPSK,0.0,1.0,128.0
132,rule_based,22.351046599429555,7.325773401880865,0.0,0.0,64QAM,0.0005208333333333333,1.0,384.0
132,ml_based,22.351046599429555,7.325773401880865,0.0,0.0,64QAM,0.0005208333333333333,1.0,384.0
133,fixed_qpsk,26.684950719135852,4.517762021573782,0.0,0.0,QPSK,0.0,1.0,128.0
133,rule_based,26.684950719135852,4.517762021573782,0.0,0.0,64QAM,0.0,1.0,384.0
133,ml_based,26.684950719135852,4.517762021573782,0.0,0.0,64QAM,0.0,1.0,384.0
134,fixed_qpsk,6.473717282523567,49.93032593296006,0.026041666666666668,1.0,QPSK,0.0203125,0.2,25.6
134,rule_based,6.473717282523567,49.93032593296006,0.026041666666666668,1.0,QPSK,0.0203125,0.2,25.6
134,ml_based,6.473717282523567,49.93032593296006,0.026041666666666668,1.0,QPSK,0.0203125,0.2,25.6
135,fixed_qpsk,19.50498174962072,10.618407180257417,0.0,0.0,QPSK,0.0,1.0,128.0
135,rule_based,19.50498174962072,10.618407180257417,0.0,0.0,16QAM,0.0,1.0,256.0
135,ml_based,19.50498174962072,10.618407180257417,0.0,0.0,16QAM,0.0,1.0,256.0
136,fixed_qpsk,21.52183515979181,8.793831925429101,0.0,0.0,QPSK,0.0,1.0,128.0
136,rule_based,21.52183515979181,8.793831925429101,0.0,0.0,64QAM,0.0031249999999999997,1.0,384.0
136,ml_based,21.52183515979181,8.793831925429101,0.0,0.0,64QAM,0.0031249999999999997,1.0,384.0
137,fixed_qpsk,25.266837891705773,5.485660032088711,0.0,0.0,QPSK,0.0,1.0,128.0
137,rule_based,25.266837891705773,5.485660032088711,0.0,0.0,64QAM,0.0,1.0,384.0
137,ml_based,25.266837891705773,5.485660032088711,0.0,0.0,64QAM,0.0,1.0,384.0
138,fixed_qpsk,10.31356638005683,28.950200671325394,0.0,0.0,QPSK,0.0,1.0,128.0
138,rule_based,10.31356638005683,28.950200671325394,0.0,0.0,QPSK,0.0,1.0,128.0
138,ml_based,10.31356638005683,28.950200671325394,0.0,0.0,QPSK,0.0,1.0,128.0
139,fixed_qpsk,20.663841171391432,9.51391437496259,0.0,0.0,QPSK,0.0,1.0,128.0
139,rule_based,20.663841171391432,9.51391437496259,0.0,0.0,64QAM,0.004687499999999999,1.0,384.0
139,ml_based,20.663841171391432,9.51391437496259,0.0,0.0,64QAM,0.004687499999999999,1.0,384.0
140,fixed_qpsk,18.132018174078173,12.860517183063688,0.0,0.0,QPSK,0.0,1.0,128.0
140,rule_based,18.132018174078173,12.860517183063688,0.0,0.0,16QAM,0.00078125,1.0,256.0
140,ml_based,18.132018174078173,12.860517183063688,0.0,0.0,16QAM,0.00078125,1.0,256.0
141,fixed_qpsk,12.28083101467996,23.66346637723784,0.0,0.0,QPSK,0.0,1.0,128.0
141,rule_based,12.28083101467996,23.66346637723784,0.0,0.0,16QAM,0.03359375,0.0,0.0
141,ml_based,12.28083101467996,23.66346637723784,0.0,0.0,QPSK,0.0,1.0,128.0
142,fixed_qpsk,3.0505727124648994,69.96965393460206,0.078125,1.0,QPSK,0.0828125,0.0,0.0
142,rule_based,3.0505727124648994,69.96965393460206,0.078125,1.0,QPSK,0.0828125,0.0,0.0
142,ml_based,3.0505727124648994,69.96965393460206,0.078125,1.0,QPSK,0.0828125,0.0,0.0
143,fixed_qpsk,10.591453013494213,28.675158585127154,0.0,0.0,QPSK,0.0,1.0,128.0
143,rule_based,10.591453013494213,28.675158585127154,0.0,0.0,QPSK,0.0,1.0,128.0
143,ml_based,10.591453013494213,28.675158585127154,0.0,0.0,QPSK,0.0,1.0,128.0
144,fixed_qpsk,28.904542443614364,3.6809140551497768,0.0,0.0,QPSK,0.0,1.0,128.0
144,rule_based,28.904542443614364,3.6809140551497768,0.0,0.0,64QAM,0.0,1.0,384.0
144,ml_based,28.904542443614364,3.6809140551497768,0.0,0.0,64QAM,0.0,1.0,384.0
145,fixed_qpsk,6.4957050483839565,46.74106925027605,0.018229166666666668,0.6666666666666666,QPSK,0.0140625,0.6,76.8
145,rule_based,6.4957050483839565,46.74106925027605,0.018229166666666668,0.6666666666666666,QPSK,0.0140625,0.6,76.8
145,ml_based,6.4957050483839565,46.74106925027605,0.018229166666666668,0.6666666666666666,QPSK,0.0140625,0.6,76.8
146,fixed_qpsk,3.4091398076452686,72.25947358583365,0.08854166666666667,1.0,QPSK,0.075,0.0,0.0
146,rule_based,3.4091398076452686,72.25947358583365,0.08854166666666667,1.0,QPSK,0.075,0.0,0.0
146,ml_based,3.4091398076452686,72.25947358583365,0.08854166666666667,1.0,QPSK,0.075,0.0,0.0
147,fixed_qpsk,11.030382742110232,28.19117565112505,0.0,0.0,QPSK,0.0,1.0,128.0
147,rule_based,11.030382742110232,28.19117565112505,0.0,0.0,QPSK,0.0,1.0,128.0
147,ml_based,11.030382742110232,28.19117565112505,0.0,0.0,QPSK,0.0,1.0,128.0
148,fixed_qpsk,3.029423763179463,69.34229960157361,0.078125,1.0,QPSK,0.0796875,0.0,0.0
148,rule_based,3.029423763179463,69.34229960157361,0.078125,1.0,QPSK,0.0796875,0.0,0.0
148,ml_based,3.029423763179463,69.34229960157361,0.078125,1.0,QPSK,0.0796875,0.0,0.0
149,fixed_qpsk,8.015967955088142,38.0828612403807,0.005208333333333333,0.3333333333333333,QPSK,0.00625,0.8,102.4
149,rule_based,8.015967955088142,38.0828612403807,0.005208333333333333,0.3333333333333333,QPSK,0.00625,0.8,102.4
149,ml_based,8.015967955088142,38.0828612403807,0.005208333333333333,0.3333333333333333,QPSK,0.00625,0.8,102.4
150,fixed_qpsk,27.433683663087738,4.3442129427838685,0.0,0.0,QPSK,0.0,1.0,128.0
150,rule_based,27.433683663087738,4.3442129427838685,0.0,0.0,64QAM,0.0,1.0,384.0
150,ml_based,27.433683663087738,4.3442129427838685,0.0,0.0,64QAM,0.0,1.0,384.0
151,fixed_qpsk,9.563462443367385,33.0239826286917,0.0026041666666666665,0.3333333333333333,QPSK,0.0,1.0,128.0
151,rule_based,9.563462443367385,33.0239826286917,0.0026041666666666665,0.3333333333333333,QPSK,0.0,1.0,128.0
151,ml_based,9.563462443367385,33.0239826286917,0.0026041666666666665,0.3333333333333333,QPSK,0.0,1.0,128.0
152,fixed_qpsk,17.576685436404773,13.275644405084142,0.0,0.0,QPSK,0.0,1.0,128.0
152,rule_based,17.576685436404773,13.275644405084142,0.0,0.0,16QAM,0.0,1.0,256.0
152,ml_based,17.576685436404773,13.275644405084142,0.0,0.0,16QAM,0.0,1.0,256.0
153,fixed_qpsk,7.162343386648546,45.182437805066336,0.020833333333333332,1.0,QPSK,0.009375,0.8,102.4
153,rule_based,7.162343386648546,45.182437805066336,0.020833333333333332,1.0,QPSK,0.009375,0.8,102.4
153,ml_based,7.162343386648546,45.182437805066336,0.020833333333333332,1.0,QPSK,0.009375,0.8,102.4
154,fixed_qpsk,20.039397731955145,9.96287012769217,0.0,0.0,QPSK,0.0,1.0,128.0
154,rule_based,20.039397731955145,9.96287012769217,0.0,0.0,64QAM,0.0046875,0.8,307.2
154,ml_based,20.039397731955145,9.96287012769217,0.0,0.0,64QAM,0.0046875,0.8,307.2
155,fixed_qpsk,3.829691629946476,70.66375522661504,0.0859375,1.0,QPSK,0.0546875,0.0,0.0
155,rule_based,3.829691629946476,70.66375522661504,0.0859375,1.0,QPSK,0.0546875,0.0,0.0
155,ml_based,3.829691629946476,70.66375522661504,0.0859375,1.0,QPSK,0.0546875,0.0,0.0
156,fixed_qpsk,23.694281498265145,6.5477703846800335,0.0,0.0,QPSK,0.0,1.0,128.0
156,rule_based,23.694281498265145,6.5477703846800335,0.0,0.0,64QAM,0.0,1.0,384.0
156,ml_based,23.694281498265145,6.5477703846800335,0.0,0.0,64QAM,0.0,1.0,384.0
157,fixed_qpsk,12.688381343147784,23.722906368307843,0.0,0.0,QPSK,0.0,1.0,128.0
157,rule_based,12.688381343147784,23.722906368307843,0.0,0.0,16QAM,0.0296875,0.0,0.0
157,ml_based,12.688381343147784,23.722906368307843,0.0,0.0,QPSK,0.0,1.0,128.0
158,fixed_qpsk,5.509811612742938,53.394703561863345,0.03125,1.0,QPSK,0.0421875,0.0,0.0
158,rule_based,5.509811612742938,53.394703561863345,0.03125,1.0,QPSK,0.0421875,0.0,0.0
158,ml_based,5.509811612742938,53.394703561863345,0.03125,1.0,QPSK,0.0421875,0.0,0.0
159,fixed_qpsk,22.74748696945473,7.265970766614403,0.0,0.0,QPSK,0.0,1.0,128.0
159,rule_based,22.74748696945473,7.265970766614403,0.0,0.0,64QAM,0.0010416666666666667,1.0,384.0
159,ml_based,22.74748696945473,7.265970766614403,0.0,0.0,64QAM,0.0010416666666666667,1.0,384.0
160,fixed_qpsk,16.628476170816985,14.611073131666588,0.0,0.0,QPSK,0.0,1.0,128.0
160,rule_based,16.628476170816985,14.611073131666588,0.0,0.0,16QAM,0.0015625,1.0,256.0
160,ml_based,16.628476170816985,14.611073131666588,0.0,0.0,16QAM,0.0015625,1.0,256.0
161,fixed_qpsk,13.144350309929072,21.88524141023034,0.0,0.0,QPSK,0.0,1.0,128.0
161,rule_based,13.144350309929072,21.88524141023034,0.0,0.0,16QAM,0.015625,0.2,51.2
161,ml_based,13.144350309929072,21.88524141023034,0.0,0.0,QPSK,0.0,1.0,128.0
162,fixed_qpsk,7.218781254413197,43.65017341566396,0.0078125,0.3333333333333333,QPSK,0.00625,0.6,76.8
162,rule_based,7.218781254413197,43.65017341566396,0.0078125,0.3333333333333333,QPSK,0.00625,0.6,76.8
162,ml_based,7.218781254413197,43.65017341566396,0.0078125,0.3333333333333333,QPSK,0.00625,0.6,76.8
163,fixed_qpsk,23.440976795841532,6.426585859795917,0.0,0.0,QPSK,0.0,1.0,128.0
163,rule_based,23.440976795841532,6.426585859795917,0.0,0.0,64QAM,0.0,1.0,384.0
163,ml_based,23.440976795841532,6.426585859795917,0.0,0.0,64QAM,0.0,1.0,384.0
164,fixed_qpsk,10.958551701103817,26.994885244661226,0.0,0.0,QPSK,0.0,1.0,128.0
164,rule_based,10.958551701103817,26.994885244661226,0.0,0.0,QPSK,0.0,1.0,128.0
164,ml_based,10.958551701103817,26.994885244661226,0.0,0.0,QPSK,0.0,1.0,128.0
165,fixed_qpsk,1.292720719037871,88.94240916910925,0.1328125,1.0,QPSK,0.1171875,0.0,0.0
165,rule_based,1.292720719037871,88.94240916910925,0.1328125,1.0,QPSK,0.1171875,0.0,0.0
165,ml_based,1.292720719037871,88.94240916910925,0.1328125,1.0,QPSK,0.1171875,0.0,0.0
166,fixed_qpsk,28.961078095340397,3.5224768453416275,0.0,0.0,QPSK,0.0,1.0,128.0
166,rule_based,28.961078095340397,3.5224768453416275,0.0,0.0,64QAM,0.0,1.0,384.0
166,ml_based,28.961078095340397,3.5224768453416275,0.0,0.0,64QAM,0.0,1.0,384.0
167,fixed_qpsk,0.9139442437468515,87.95003519596287,0.11458333333333333,1.0,QPSK,0.1421875,0.0,0.0
167,rule_based,0.9139442437468515,87.95003519596287,0.11458333333333333,1.0,QPSK,0.1421875,0.0,0.0
167,ml_based,0.9139442437468515,87.95003519596287,0.11458333333333333,1.0,QPSK,0.1421875,0.0,0.0
168,fixed_qpsk,3.6140723287162246,64.55061716886703,0.059895833333333336,1.0,QPSK,0.059375,0.0,0.0
168,rule_based,3.6140723287162246,64.55061716886703,0.059895833333333336,1.0,QPSK,0.059375,0.0,0.0
168,ml_based,3.6140723287162246,64.55061716886703,0.059895833333333336,1.0,QPSK,0.059375,0.0,0.0
169,fixed_qpsk,13.974375929861381,19.338332298649856,0.0,0.0,QPSK,0.0,1.0,128.0
169,rule_based,13.974375929861381,19.338332298649856,0.0,0.0,16QAM,0.00703125,0.6,153.6
169,ml_based,13.974375929861381,19.338332298649856,0.0,0.0,16QAM,0.00703125,0.6,153.6
170,fixed_qpsk,6.235648247158013,47.361190763048015,0.0234375,1.0,QPSK,0.01875,0.2,25.6
170,rule_based,6.235648247158013,47.361190763048015,0.0234375,1.0,QPSK,0.01875,0.2,25.6
170,ml_based,6.235648247158013,47.361190763048015,0.0234375,1.0,QPSK,0.01875,0.2,25.6
171,fixed_qpsk,10.054051127582863,33.163544763201024,0.0,0.0,QPSK,0.0,1.0,128.0
171,rule_based,10.054051127582863,33.163544763201024,0.0,0.0,QPSK,0.0,1.0,128.0
171,ml_based,10.054051127582863,33.163544763201024,0.0,0.0,QPSK,0.0,1.0,128.0
172,fixed_qpsk,17.02695725800022,14.294675715959768,0.0,0.0,QPSK,0.0,1.0,128.0
172,rule_based,17.02695725800022,14.294675715959768,0.0,0.0,16QAM,0.00078125,1.0,256.0
172,ml_based,17.02695725800022,14.294675715959768,0.0,0.0,16QAM,0.00078125,1.0,256.0
173,fixed_qpsk,28.735258567768597,3.585611802571467,0.0,0.0,QPSK,0.0,1.0,128.0
173,rule_based,28.735258567768597,3.585611802571467,0.0,0.0,64QAM,0.0,1.0,384.0
173,ml_based,28.735258567768597,3.585611802571467,0.0,0.0,64QAM,0.0,1.0,384.0
174,fixed_qpsk,28.089366727735342,3.8180722576926867,0.0,0.0,QPSK,0.0,1.0,128.0
174,rule_based,28.089366727735342,3.8180722576926867,0.0,0.0,64QAM,0.0,1.0,384.0
174,ml_based,28.089366727735342,3.8180722576926867,0.0,0.0,64QAM,0.0,1.0,384.0
175,fixed_qpsk,2.2168792753570568,75.76661584603373,0.109375,1.0,QPSK,0.1,0.0,0.0
175,rule_based,2.2168792753570568,75.76661584603373,0.109375,1.0,QPSK,0.1,0.0,0.0
175,ml_based,2.2168792753570568,75.76661584603373,0.109375,1.0,QPSK,0.1,0.0,0.0
176,fixed_qpsk,25.59940968779998,5.397852494433556,0.0,0.0,QPSK,0.0,1.0,128.0
176,rule_based,25.59940968779998,5.397852494433556,0.0,0.0,64QAM,0.0,1.0,384.0
176,ml_based,25.59940968779998,5.397852494433556,0.0,0.0,64QAM,0.0,1.0,384.0
177,fixed_qpsk,5.034709653967355,57.78604849319445,0.044270833333333336,1.0,QPSK,0.0359375,0.2,25.6
177,rule_based,5.034709653967355,57.78604849319445,0.044270833333333336,1.0,QPSK,0.0359375,0.2,25.6
177,ml_based,5.034709653967355,57.78604849319445,0.044270833333333336,1.0,QPSK,0.0359375,0.2,25.6
178,fixed_qpsk,24.342986175097003,5.981300678306075,0.0,0.0,QPSK,0.0,1.0,128.0
178,rule_based,24.342986175097003,5.981300678306075,0.0,0.0,64QAM,0.0,1.0,384.0
178,ml_based,24.342986175097003,5.981300678306075,0.0,0.0,64QAM,0.0,1.0,384.0
179,fixed_qpsk,8.89041653544598,35.54832927389904,0.0,0.0,QPSK,0.0,1.0,128.0
179,rule_based,8.89041653544598,35.54832927389904,0.0,0.0,QPSK,0.0,1.0,128.0
179,ml_based,8.89041653544598,35.54832927389904,0.0,0.0,QPSK,0.0,1.0,128.0
180,fixed_qpsk,21.535030718486944,8.316692699924223,0.0,0.0,QPSK,0.0,1.0,128.0
180,rule_based,21.535030718486944,8.316692699924223,0.0,0.0,64QAM,0.0031249999999999997,0.8,307.2
180,ml_based,21.535030718486944,8.316692699924223,0.0,0.0,64QAM,0.0031249999999999997,0.8,307.2
181,fixed_qpsk,21.5637961508258,8.45921413937761,0.0,0.0,QPSK,0.0,1.0,128.0
181,rule_based,21.5637961508258,8.45921413937761,0.0,0.0,64QAM,0.0020833333333333333,1.0,384.0
181,ml_based,21.5637961508258,8.45921413937761,0.0,0.0,64QAM,0.0020833333333333333,1.0,384.0
182,fixed_qpsk,25.516537792690652,5.085251407689883,0.0,0.0,QPSK,0.0,1.0,128.0
182,rule_based,25.516537792690652,5.085251407689883,0.0,0.0,64QAM,0.0005208333333333333,1.0,384.0
182,ml_based,25.516537792690652,5.085251407689883,0.0,0.0,64QAM,0.0005208333333333333,1.0,384.0
183,fixed_qpsk,29.388775465544803,3.34970862565302,0.0,0.0,QPSK,0.0,1.0,128.0
183,rule_based,29.388775465544803,3.34970862565302,0.0,0.0,64QAM,0.0,1.0,384.0
183,ml_based,29.388775465544803,3.34970862565302,0.0,0.0,64QAM,0.0,1.0,384.0
184,fixed_qpsk,8.264425585890052,38.84019003815254,0.005208333333333333,0.6666666666666666,QPSK,0.0078125,0.8,102.4
184,rule_based,8.264425585890052,38.84019003815254,0.005208333333333333,0.6666666666666666,QPSK,0.0078125,0.8,102.4
184,ml_based,8.264425585890052,38.84019003815254,0.005208333333333333,0.6666666666666666,QPSK,0.0078125,0.8,102.4
185,fixed_qpsk,18.849253760231733,10.879990879968405,0.0,0.0,QPSK,0.0,1.0,128.0
185,rule_based,18.849253760231733,10.879990879968405,0.0,0.0,16QAM,0.0,1.0,256.0
185,ml_based,18.849253760231733,10.879990879968405,0.0,0.0,16QAM,0.0,1.0,256.0
186,fixed_qpsk,22.177823869111027,7.240006120057846,0.0,0.0,QPSK,0.0,1.0,128.0
186,rule_based,22.177823869111027,7.240006120057846,0.0,0.0,64QAM,0.0020833333333333333,1.0,384.0
186,ml_based,22.177823869111027,7.240006120057846,0.0,0.0,64QAM,0.0020833333333333333,1.0,384.0
187,fixed_qpsk,2.3888801272682025,72.36259915431263,0.0859375,1.0,QPSK,0.0921875,0.0,0.0
187,rule_based,2.3888801272682025,72.36259915431263,0.0859375,1.0,QPSK,0.0921875,0.0,0.0
187,ml_based,2.3888801272682025,72.36259915431263,0.0859375,1.0,QPSK,0.0921875,0.0,0.0
188,fixed_qpsk,19.888840133065468,9.815724084507108,0.0,0.0,QPSK,0.0,1.0,128.0
188,rule_based,19.888840133065468,9.815724084507108,0.0,0.0,16QAM,0.0,1.0,256.0
188,ml_based,19.888840133065468,9.815724084507108,0.0,0.0,64QAM,0.01197916666666667,0.2,76.8
189,fixed_qpsk,9.645465459247438,34.087289217869014,0.0,0.0,QPSK,0.003125,1.0,128.0
189,rule_based,9.645465459247438,34.087289217869014,0.0,0.0,QPSK,0.003125,1.0,128.0
189,ml_based,9.645465459247438,34.087289217869014,0.0,0.0,QPSK,0.003125,1.0,128.0
190,fixed_qpsk,4.844071279828526,51.941399720589786,0.028645833333333332,1.0,QPSK,0.0609375,0.0,0.0
190,rule_based,4.844071279828526,51.941399720589786,0.028645833333333332,1.0,QPSK,0.0609375,0.0,0.0
190,ml_based,4.844071279828526,51.941399720589786,0.028645833333333332,1.0,QPSK,0.0609375,0.0,0.0
191,fixed_qpsk,16.484146735042774,14.701133759870588,0.0,0.0,QPSK,0.0,1.0,128.0
191,rule_based,16.484146735042774,14.701133759870588,0.0,0.0,16QAM,0.0,1.0,256.0
191,ml_based,16.484146735042774,14.701133759870588,0.0,0.0,16QAM,0.0,1.0,256.0
192,fixed_qpsk,13.856507912327029,22.188540308305182,0.0,0.0,QPSK,0.0,1.0,128.0
192,rule_based,13.856507912327029,22.188540308305182,0.0,0.0,16QAM,0.01015625,0.6,153.6
192,ml_based,13.856507912327029,22.188540308305182,0.0,0.0,16QAM,0.01015625,0.6,153.6
193,fixed_qpsk,17.31239498879718,14.19406535015767,0.0,0.0,QPSK,0.0,1.0,128.0
193,rule_based,17.31239498879718,14.19406535015767,0.0,0.0,16QAM,0.0,1.0,256.0
193,ml_based,17.31239498879718,14.19406535015767,0.0,0.0,16QAM,0.0,1.0,256.0
194,fixed_qpsk,19.257527712100703,10.28475617155714,0.0,0.0,QPSK,0.0,1.0,128.0
194,rule_based,19.257527712100703,10.28475617155714,0.0,0.0,16QAM,0.0,1.0,256.0
194,ml_based,19.257527712100703,10.28475617155714,0.0,0.0,16QAM,0.0,1.0,256.0
195,fixed_qpsk,14.960065840455052,17.63576180658569,0.0,0.0,QPSK,0.0,1.0,128.0
195,rule_based,14.960065840455052,17.63576180658569,0.0,0.0,16QAM,0.00546875,1.0,256.0
195,ml_based,14.960065840455052,17.63576180658569,0.0,0.0,16QAM,0.00546875,1.0,256.0
196,fixed_qpsk,27.154521223174086,4.477963819845818,0.0,0.0,QPSK,0.0,1.0,128.0
196,rule_based,27.154521223174086,4.477963819845818,0.0,0.0,64QAM,0.0,1.0,384.0
196,ml_based,27.154521223174086,4.477963819845818,0.0,0.0,64QAM,0.0,1.0,384.0
197,fixed_qpsk,5.337425951730133,53.797281684004616,0.0234375,1.0,QPSK,0.034375,0.0,0.0
197,rule_based,5.337425951730133,53.797281684004616,0.0234375,1.0,QPSK,0.034375,0.0,0.0
197,ml_based,5.337425951730133,53.797281684004616,0.0234375,1.0,QPSK,0.034375,0.0,0.0
198,fixed_qpsk,8.663749470282763,36.14906305043375,0.0026041666666666665,0.3333333333333333,QPSK,0.003125,0.8,102.4
198,rule_based,8.663749470282763,36.14906305043375,0.0026041666666666665,0.3333333333333333,QPSK,0.003125,0.8,102.4
198,ml_based,8.663749470282763,36.14906305043375,0.0026041666666666665,0.3333333333333333,QPSK,0.003125,0.8,102.4
199,fixed_qpsk,10.686649235402552,27.384687164123672,0.0,0.0,QPSK,0.0,1.0,128.0
199,rule_based,10.686649235402552,27.384687164123672,0.0,0.0,QPSK,0.0,1.0,128.0
199,ml_based,10.686649235402552,27.384687164123672,0.0,0.0,QPSK,0.0,1.0,128.0
200,fixed_qpsk,23.231460602359828,6.88263204531873,0.0,0.0,QPSK,0.0,1.0,128.0
200,rule_based,23.231460602359828,6.88263204531873,0.0,0.0,64QAM,0.0005208333333333333,1.0,384.0
200,ml_based,23.231460602359828,6.88263204531873,0.0,0.0,64QAM,0.0005208333333333333,1.0,384.0
201,fixed_qpsk,19.562943505978634,10.368237909934912,0.0,0.0,QPSK,0.0,1.0,128.0
201,rule_based,19.562943505978634,10.368237909934912,0.0,0.0,16QAM,0.0,1.0,256.0
201,ml_based,19.562943505978634,10.368237909934912,0.0,0.0,16QAM,0.0,1.0,256.0
202,fixed_qpsk,6.1926804018843455,48.481232328808524,0.013020833333333334,1.0,QPSK,0.0296875,0.0,0.0
202,rule_based,6.1926804018843455,48.481232328808524,0.013020833333333334,1.0,QPSK,0.0296875,0.0,0.0
202,ml_based,6.1926804018843455,48.481232328808524,0.013020833333333334,1.0,QPSK,0.0296875,0.0,0.0
203,fixed_qpsk,22.333256717817484,7.808953902062725,0.0,0.0,QPSK,0.0,1.0,128.0
203,rule_based,22.333256717817484,7.808953902062725,0.0,0.0,64QAM,0.0005208333333333333,1.0,384.0
203,ml_based,22.333256717817484,7.808953902062725,0.0,0.0,64QAM,0.0005208333333333333,1.0,384.0
204,fixed_qpsk,23.146111137202325,6.602563177357002,0.0,0.0,QPSK,0.0,1.0,128.0
204,rule_based,23.146111137202325,6.602563177357002,0.0,0.0,64QAM,0.0005208333333333333,1.0,384.0
204,ml_based,23.146111137202325,6.602563177357002,0.0,0.0,64QAM,0.0005208333333333333,1.0,384.0
205,fixed_qpsk,23.107243967173567,7.224893997152937,0.0,0.0,QPSK,0.0,1.0,128.0
205,rule_based,23.107243967173567,7.224893997152937,0.0,0.0,64QAM,0.0,1.0,384.0
205,ml_based,23.107243967173567,7.224893997152937,0.0,0.0,64QAM,0.0,1.0,384.0
206,fixed_qpsk,2.3511871476655855,69.6848684669075,0.07291666666666667,1.0,QPSK,0.0859375,0.0,0.0
206,rule_based,2.3511871476655855,69.6848684669075,0.07291666666666667,1.0,QPSK,0.0859375,0.0,0.0
206,ml_based,2.3511871476655855,69.6848684669075,0.07291666666666667,1.0,QPSK,0.0859375,0.0,0.0
207,fixed_qpsk,6.364174464773177,45.5512797340946,0.018229166666666668,1.0,QPSK,0.0140625,0.4,51.2
207,rule_based,6.364174464773177,45.5512797340946,0.018229166666666668,1.0,QPSK,0.0140625,0.4,51.2
207,ml_based,6.364174464773177,45.5512797340946,0.018229166666666668,1.0,QPSK,0.0140625,0.4,51.2
208,fixed_qpsk,26.861550813978628,4.279746922655656,0.0,0.0,QPSK,0.0,1.0,128.0
208,rule_based,26.861550813978628,4.279746922655656,0.0,0.0,64QAM,0.0,1.0,384.0
208,ml_based,26.861550813978628,4.279746922655656,0.0,0.0,64QAM,0.0,1.0,384.0
209,fixed_qpsk,26.38296179615132,4.785281446255199,0.0,0.0,QPSK,0.0,1.0,128.0
209,rule_based,26.38296179615132,4.785281446255199,0.0,0.0,64QAM,0.0,1.0,384.0
209,ml_based,26.38296179615132,4.785281446255199,0.0,0.0,64QAM,0.0,1.0,384.0
210,fixed_qpsk,6.167179727900183,48.25572799430062,0.028645833333333332,1.0,QPSK,0.0296875,0.0,0.0
210,rule_based,6.167179727900183,48.25572799430062,0.028645833333333332,1.0,QPSK,0.0296875,0.0,0.0
210,ml_based,6.167179727900183,48.25572799430062,0.028645833333333332,1.0,QPSK,0.0296875,0.0,0.0
211,fixed_qpsk,16.541269749441476,14.531382573814868,0.0,0.0,QPSK,0.0,1.0,128.0
211,rule_based,16.541269749441476,14.531382573814868,0.0,0.0,16QAM,0.00078125,1.0,256.0
211,ml_based,16.541269749441476,14.531382573814868,0.0,0.0,16QAM,0.00078125,1.0,256.0
212,fixed_qpsk,7.880497753430435,42.060435986694806,0.005208333333333333,0.6666666666666666,QPSK,0.009375,0.8,102.4
212,rule_based,7.880497753430435,42.060435986694806,0.005208333333333333,0.6666666666666666,QPSK,0.009375,0.8,102.4
212,ml_based,7.880497753430435,42.060435986694806,0.005208333333333333,0.6666666666666666,QPSK,0.009375,0.8,102.4
213,fixed_qpsk,12.488543146983925,23.492703061628163,0.0,0.0,QPSK,0.0,1.0,128.0
213,rule_based,12.488543146983925,23.492703061628163,0.0,0.0,16QAM,0.0203125,0.0,0.0
213,ml_based,12.488543146983925,23.492703061628163,0.0,0.0,QPSK,0.0,1.0,128.0
214,fixed_qpsk,0.6283453248721815,85.84281996984409,0.11458333333333333,1.0,QPSK,0.1359375,0.0,0.0
214,rule_based,0.6283453248721815,85.84281996984409,0.11458333333333333,1.0,QPSK,0.1359375,0.0,0.0
214,ml_based,0.6283453248721815,85.84281996984409,0.11458333333333333,1.0,QPSK,0.1359375,0.0,0.0
215,fixed_qpsk,8.452807102102554,35.467891731931765,0.010416666666666666,0.6666666666666666,QPSK,0.00625,1.0,128.0
215,rule_based,8.452807102102554,35.467891731931765,0.010416666666666666,0.6666666666666666,QPSK,0.00625,1.0,128.0
215,ml_based,8.452807102102554,35.467891731931765,0.010416666666666666,0.6666666666666666,QPSK,0.00625,1.0,128.0
216,fixed_qpsk,8.120427043377305,40.36747289708184,0.005208333333333333,0.3333333333333333,QPSK,0.00625,0.8,102.4
216,rule_based,8.120427043377305,40.36747289708184,0.005208333333333333,0.3333333333333333,QPSK,0.00625,0.8,102.4
216,ml_based,8.120427043377305,40.36747289708184,0.005208333333333333,0.3333333333333333,QPSK,0.00625,0.8,102.4
217,fixed_qpsk,27.573914728562222,4.409756553199842,0.0,0.0,QPSK,0.0,1.0,128.0
217,rule_based,27.573914728562222,4.409756553199842,0.0,0.0,64QAM,0.0,1.0,384.0
217,ml_based,27.573914728562222,4.409756553199842,0.0,0.0,64QAM,0.0,1.0,384.0
218,fixed_qpsk,17.639106498984763,13.185279385817624,0.0,0.0,QPSK,0.0,1.0,128.0
218,rule_based,17.639106498984763,13.185279385817624,0.0,0.0,16QAM,0.00078125,1.0,256.0
218,ml_based,17.639106498984763,13.185279385817624,0.0,0.0,16QAM,0.00078125,1.0,256.0
219,fixed_qpsk,5.325494802948474,53.88196233638719,0.033854166666666664,1.0,QPSK,0.0390625,0.0,0.0
219,rule_based,5.325494802948474,53.88196233638719,0.033854166666666664,1.0,QPSK,0.0390625,0.0,0.0
219,ml_based,5.325494802948474,53.88196233638719,0.033854166666666664,1.0,QPSK,0.0390625,0.0,0.0
220,fixed_qpsk,12.826936276240193,22.706336909251153,0.0,0.0,QPSK,0.0,1.0,128.0
220,rule_based,12.826936276240193,22.706336909251153,0.0,0.0,16QAM,0.02109375,0.0,0.0
220,ml_based,12.826936276240193,22.706336909251153,0.0,0.0,QPSK,0.0,1.0,128.0
221,fixed_qpsk,14.788084865698622,18.037300310809666,0.0,0.0,QPSK,0.0,1.0,128.0
221,rule_based,14.788084865698622,18.037300310809666,0.0,0.0,16QAM,0.00390625,0.8,204.8
221,ml_based,14.788084865698622,18.037300310809666,0.0,0.0,16QAM,0.00390625,0.8,204.8
222,fixed_qpsk,19.120803522781692,10.971312445352769,0.0,0.0,QPSK,0.0,1.0,128.0
222,rule_based,19.120803522781692,10.971312445352769,0.0,0.0,16QAM,0.0,1.0,256.0
222,ml_based,19.120803522781692,10.971312445352769,0.0,0.0,16QAM,0.0,1.0,256.0
223,fixed_qpsk,15.973435495450762,16.1015686496476,0.0,0.0,QPSK,0.0,1.0,128.0
223,rule_based,15.973435495450762,16.1015686496476,0.0,0.0,16QAM,0.00078125,1.0,256.0
223,ml_based,15.973435495450762,16.1015686496476,0.0,0.0,16QAM,0.00078125,1.0,256.0
224,fixed_qpsk,12.629781220330301,24.678052037626706,0.0,0.0,QPSK,0.0,1.0,128.0
224,rule_based,12.629781220330301,24.678052037626706,0.0,0.0,16QAM,0.01640625,0.0,0.0
224,ml_based,12.629781220330301,24.678052037626706,0.0,0.0,QPSK,0.0,1.0,128.0
225,fixed_qpsk,9.323790353259131,32.94670499977826,0.0026041666666666665,0.3333333333333333,QPSK,0.0015625,1.0,128.0
225,rule_based,9.323790353259131,32.94670499977826,0.0026041666666666665,0.3333333333333333,QPSK,0.0015625,1.0,128.0
225,ml_based,9.323790353259131,32.94670499977826,0.0026041666666666665,0.3333333333333333,QPSK,0.0015625,1.0,128.0
226,fixed_qpsk,17.249985264056633,13.881172107898973,0.0,0.0,QPSK,0.0,1.0,128.0
226,rule_based,17.249985264056633,13.881172107898973,0.0,0.0,16QAM,0.00078125,1.0,256.0
226,ml_based,17.249985264056633,13.881172107898973,0.0,0.0,16QAM,0.00078125,1.0,256.0
227,fixed_qpsk,29.274960410121874,3.3089865500744726,0.0,0.0,QPSK,0.0,1.0,128.0
227,rule_based,29.274960410121874,3.3089865500744726,0.0,0.0,64QAM,0.0,1.0,384.0
227,ml_based,29.274960410121874,3.3089865500744726,0.0,0.0,64QAM,0.0,1.0,384.0
228,fixed_qpsk,16.58960893158649,14.924759207878747,0.0,0.0,QPSK,0.0,1.0,128.0
228,rule_based,16.58960893158649,14.924759207878747,0.0,0.0,16QAM,0.0,1.0,256.0
228,ml_based,16.58960893158649,14.924759207878747,0.0,0.0,16QAM,0.0,1.0,256.0
229,fixed_qpsk,26.610364401553333,4.569325896681041,0.0,0.0,QPSK,0.0,1.0,128.0
229,rule_based,26.610364401553333,4.569325896681041,0.0,0.0,64QAM,0.0,1.0,384.0
229,ml_based,26.610364401553333,4.569325896681041,0.0,0.0,64QAM,0.0,1.0,384.0
230,fixed_qpsk,0.45817305550947207,93.93615996270012,0.16145833333333334,1.0,QPSK,0.15,0.0,0.0
230,rule_based,0.45817305550947207,93.93615996270012,0.16145833333333334,1.0,QPSK,0.15,0.0,0.0
230,ml_based,0.45817305550947207,93.93615996270012,0.16145833333333334,1.0,QPSK,0.15,0.0,0.0
231,fixed_qpsk,6.0929220846898975,45.94973766573037,0.015625,0.6666666666666666,QPSK,0.021875,0.2,25.6
231,rule_based,6.0929220846898975,45.94973766573037,0.015625,0.6666666666666666,QPSK,0.021875,0.2,25.6
231,ml_based,6.0929220846898975,45.94973766573037,0.015625,0.6666666666666666,QPSK,0.021875,0.2,25.6
232,fixed_qpsk,25.943039379691434,5.205495083817508,0.0,0.0,QPSK,0.0,1.0,128.0
232,rule_based,25.943039379691434,5.205495083817508,0.0,0.0,64QAM,0.0,1.0,384.0
232,ml_based,25.943039379691434,5.205495083817508,0.0,0.0,64QAM,0.0,1.0,384.0
233,fixed_qpsk,17.08418690984308,13.41833408926144,0.0,0.0,QPSK,0.0,1.0,128.0
233,rule_based,17.08418690984308,13.41833408926144,0.0,0.0,16QAM,0.0,1.0,256.0
233,ml_based,17.08418690984308,13.41833408926144,0.0,0.0,16QAM,0.0,1.0,256.0
234,fixed_qpsk,14.626742359111159,19.027453797937852,0.0,0.0,QPSK,0.0,1.0,128.0
234,rule_based,14.626742359111159,19.027453797937852,0.0,0.0,16QAM,0.00546875,0.8,204.8
234,ml_based,14.626742359111159,19.027453797937852,0.0,0.0,16QAM,0.00546875,0.8,204.8
235,fixed_qpsk,11.06412866043986,26.58808827202416,0.0,0.0,QPSK,0.0,1.0,128.0
235,rule_based,11.06412866043986,26.58808827202416,0.0,0.0,QPSK,0.0,1.0,128.0
235,ml_based,11.06412866043986,26.58808827202416,0.0,0.0,QPSK,0.0,1.0,128.0
236,fixed_qpsk,8.85797138668502,33.02740760936922,0.0,0.0,QPSK,0.0046875,1.0,128.0
236,rule_based,8.85797138668502,33.02740760936922,0.0,0.0,QPSK,0.0046875,1.0,128.0
236,ml_based,8.85797138668502,33.02740760936922,0.0,0.0,QPSK,0.0046875,1.0,128.0
237,fixed_qpsk,20.364893896606485,9.71848866969327,0.0,0.0,QPSK,0.0,1.0,128.0
237,rule_based,20.364893896606485,9.71848866969327,0.0,0.0,64QAM,0.005729166666666666,0.8,307.2
237,ml_based,20.364893896606485,9.71848866969327,0.0,0.0,64QAM,0.005729166666666666,0.8,307.2
238,fixed_qpsk,10.97205166740001,27.711342898802236,0.0,0.0,QPSK,0.0015625,1.0,128.0
238,rule_based,10.97205166740001,27.711342898802236,0.0,0.0,QPSK,0.0015625,1.0,128.0
238,ml_based,10.97205166740001,27.711342898802236,0.0,0.0,QPSK,0.0015625,1.0,128.0
239,fixed_qpsk,13.05704122219845,23.382035290358225,0.0,0.0,QPSK,0.0,1.0,128.0
239,rule_based,13.05704122219845,23.382035290358225,0.0,0.0,16QAM,0.009375,0.4,102.4
239,ml_based,13.05704122219845,23.382035290358225,0.0,0.0,QPSK,0.0,1.0,128.0
240,fixed_qpsk,23.305448637827592,7.429431608467409,0.0,0.0,QPSK,0.0,1.0,128.0
240,rule_based,23.305448637827592,7.429431608467409,0.0,0.0,64QAM,0.0,1.0,384.0
240,ml_based,23.305448637827592,7.429431608467409,0.0,0.0,64QAM,0.0,1.0,384.0
241,fixed_qpsk,28.385489175623853,3.653019609700938,0.0,0.0,QPSK,0.0,1.0,128.0
241,rule_based,28.385489175623853,3.653019609700938,0.0,0.0,64QAM,0.0,1.0,384.0
241,ml_based,28.385489175623853,3.653019609700938,0.0,0.0,64QAM,0.0,1.0,384.0
242,fixed_qpsk,29.809705602439365,3.4143531616769676,0.0,0.0,QPSK,0.0,1.0,128.0
242,rule_based,29.809705602439365,3.4143531616769676,0.0,0.0,64QAM,0.0,1.0,384.0
242,ml_based,29.809705602439365,3.4143531616769676,0.0,0.0,64QAM,0.0,1.0,384.0
243,fixed_qpsk,14.547457110213987,17.57231529321938,0.0,0.0,QPSK,0.0,1.0,128.0
243,rule_based,14.547457110213987,17.57231529321938,0.0,0.0,16QAM,0.00390625,1.0,256.0
243,ml_based,14.547457110213987,17.57231529321938,0.0,0.0,16QAM,0.00390625,1.0,256.0
244,fixed_qpsk,4.145071650015208,64.46327218681843,0.06510416666666667,1.0,QPSK,0.05625,0.0,0.0
244,rule_based,4.145071650015208,64.46327218681843,0.06510416666666667,1.0,QPSK,0.05625,0.0,0.0
244,ml_based,4.145071650015208,64.46327218681843,0.06510416666666667,1.0,QPSK,0.05625,0.0,0.0
245,fixed_qpsk,0.7477080730531582,90.85590167638044,0.14322916666666666,1.0,QPSK,0.1515625,0.0,0.0
245,rule_based,0.7477080730531582,90.85590167638044,0.14322916666666666,1.0,QPSK,0.1515625,0.0,0.0
245,ml_based,0.7477080730531582,90.85590167638044,0.14322916666666666,1.0,QPSK,0.1515625,0.0,0.0
246,fixed_qpsk,14.839701166742648,18.026530195026467,0.0,0.0,QPSK,0.0,1.0,128.0
246,rule_based,14.839701166742648,18.026530195026467,0.0,0.0,16QAM,0.0046875,1.0,256.0
246,ml_based,14.839701166742648,18.026530195026467,0.0,0.0,16QAM,0.0046875,1.0,256.0
247,fixed_qpsk,2.290649744559843,76.21242203341319,0.09635416666666667,1.0,QPSK,0.0875,0.0,0.0
247,rule_based,2.290649744559843,76.21242203341319,0.09635416666666667,1.0,QPSK,0.0875,0.0,0.0
247,ml_based,2.290649744559843,76.21242203341319,0.09635416666666667,1.0,QPSK,0.0875,0.0,0.0
248,fixed_qpsk,3.5313923994703345,68.7829679189602,0.07291666666666667,1.0,QPSK,0.0734375,0.0,0.0
248,rule_based,3.5313923994703345,68.7829679189602,0.07291666666666667,1.0,QPSK,0.0734375,0.0,0.0
248,ml_based,3.5313923994703345,68.7829679189602,0.07291666666666667,1.0,QPSK,0.0734375,0.0,0.0
249,fixed_qpsk,7.045172384695499,46.599288963729805,0.015625,1.0,QPSK,0.0125,0.6,76.8
249,rule_based,7.045172384695499,46.599288963729805,0.015625,1.0,QPSK,0.0125,0.6,76.8
249,ml_based,7.045172384695499,46.599288963729805,0.015625,1.0,QPSK,0.0125,0.6,76.8
250,fixed_qpsk,29.759792938244935,3.353403419853749,0.0,0.0,QPSK,0.0,1.0,128.0
250,rule_based,29.759792938244935,3.353403419853749,0.0,0.0,64QAM,0.0,1.0,384.0
250,ml_based,29.759792938244935,3.353403419853749,0.0,0.0,64QAM,0.0,1.0,384.0
251,fixed_qpsk,4.866856725616976,57.08666617168275,0.036458333333333336,1.0,QPSK,0.0421875,0.0,0.0
251,rule_based,4.866856725616976,57.08666617168275,0.036458333333333336,1.0,QPSK,0.0421875,0.0,0.0
251,ml_based,4.866856725616976,57.08666617168275,0.036458333333333336,1.0,QPSK,0.0421875,0.0,0.0
252,fixed_qpsk,3.303963569922481,67.58445409419794,0.07291666666666667,1.0,QPSK,0.059375,0.0,0.0
252,rule_based,3.303963569922481,67.58445409419794,0.07291666666666667,1.0,QPSK,0.059375,0.0,0.0
252,ml_based,3.303963569922481,67.58445409419794,0.07291666666666667,1.0,QPSK,0.059375,0.0,0.0
253,fixed_qpsk,27.477713234308553,4.017051679132449,0.0,0.0,QPSK,0.0,1.0,128.0
253,rule_based,27.477713234308553,4.017051679132449,0.0,0.0,64QAM,0.0,1.0,384.0
253,ml_based,27.477713234308553,4.017051679132449,0.0,0.0,64QAM,0.0,1.0,384.0
254,fixed_qpsk,18.662092228585163,11.894963625112,0.0,0.0,QPSK,0.0,1.0,128.0
254,rule_based,18.662092228585163,11.894963625112,0.0,0.0,16QAM,0.0,1.0,256.0
254,ml_based,18.662092228585163,11.894963625112,0.0,0.0,16QAM,0.0,1.0,256.0
255,fixed_qpsk,22.19702107052517,8.077323335802745,0.0,0.0,QPSK,0.0,1.0,128.0
255,rule_based,22.19702107052517,8.077323335802745,0.0,0.0,64QAM,0.0,1.0,384.0
255,ml_based,22.19702107052517,8.077323335802745,0.0,0.0,64QAM,0.0,1.0,384.0
256,fixed_qpsk,10.642003664110934,29.614369682983344,0.0,0.0,QPSK,0.0,1.0,128.0
256,rule_based,10.642003664110934,29.614369682983344,0.0,0.0,QPSK,0.0,1.0,128.0
256,ml_based,10.642003664110934,29.614369682983344,0.0,0.0,QPSK,0.0,1.0,128.0
257,fixed_qpsk,28.01497526967583,3.8869237320655134,0.0,0.0,QPSK,0.0,1.0,128.0
257,rule_based,28.01497526967583,3.8869237320655134,0.0,0.0,64QAM,0.0,1.0,384.0
257,ml_based,28.01497526967583,3.8869237320655134,0.0,0.0,64QAM,0.0,1.0,384.0
258,fixed_qpsk,29.28301906071205,3.4959653027604274,0.0,0.0,QPSK,0.0,1.0,128.0
258,rule_based,29.28301906071205,3.4959653027604274,0.0,0.0,64QAM,0.0,1.0,384.0
258,ml_based,29.28301906071205,3.4959653027604274,0.0,0.0,64QAM,0.0,1.0,384.0
259,fixed_qpsk,16.753671053336117,15.957721865843984,0.0,0.0,QPSK,0.0,1.0,128.0
259,rule_based,16.753671053336117,15.957721865843984,0.0,0.0,16QAM,0.0,1.0,256.0
259,ml_based,16.753671053336117,15.957721865843984,0.0,0.0,16QAM,0.0,1.0,256.0
260,fixed_qpsk,29.60520829583661,3.3268407102237294,0.0,0.0,QPSK,0.0,1.0,128.0
260,rule_based,29.60520829583661,3.3268407102237294,0.0,0.0,64QAM,0.0,1.0,384.0
260,ml_based,29.60520829583661,3.3268407102237294,0.0,0.0,64QAM,0.0,1.0,384.0
261,fixed_qpsk,15.173830584562708,16.516766563689263,0.0,0.0,QPSK,0.0,1.0,128.0
261,rule_based,15.173830584562708,16.516766563689263,0.0,0.0,16QAM,0.00390625,0.8,204.8
261,ml_based,15.173830584562708,16.516766563689263,0.0,0.0,16QAM,0.00390625,0.8,204.8
262,fixed_qpsk,13.192208518032762,20.492479772912606,0.0,0.0,QPSK,0.0,1.0,128.0
262,rule_based,13.192208518032762,20.492479772912606,0.0,0.0,16QAM,0.01875,0.2,51.2
262,ml_based,13.192208518032762,20.492479772912606,0.0,0.0,QPSK,0.0,1.0,128.0
263,fixed_qpsk,23.563020043797046,6.32649913622994,0.0,0.0,QPSK,0.0,1.0,128.0
263,rule_based,23.563020043797046,6.32649913622994,0.0,0.0,64QAM,0.0,1.0,384.0
263,ml_based,23.563020043797046,6.32649913622994,0.0,0.0,64QAM,0.0,1.0,384.0
264,fixed_qpsk,19.327430079910165,10.65264455542874,0.0,0.0,QPSK,0.0,1.0,128.0
264,rule_based,19.327430079910165,10.65264455542874,0.0,0.0,16QAM,0.0,1.0,256.0
264,ml_based,19.327430079910165,10.65264455542874,0.0,0.0,16QAM,0.0,1.0,256.0
265,fixed_qpsk,6.015910700497072,51.77436547255591,0.033854166666666664,1.0,QPSK,0.015625,0.2,25.6
265,rule_based,6.015910700497072,51.77436547255591,0.033854166666666664,1.0,QPSK,0.015625,0.2,25.6
265,ml_based,6.015910700497072,51.77436547255591,0.033854166666666664,1.0,QPSK,0.015625,0.2,25.6
266,fixed_qpsk,15.448178579870422,17.149327002107785,0.0,0.0,QPSK,0.0,1.0,128.0
266,rule_based,15.448178579870422,17.149327002107785,0.0,0.0,16QAM,0.00234375,1.0,256.0
266,ml_based,15.448178579870422,17.149327002107785,0.0,0.0,16QAM,0.00234375,1.0,256.0
267,fixed_qpsk,0.4937837845945392,87.06226723878187,0.13802083333333334,1.0,QPSK,0.1546875,0.0,0.0
267,rule_based,0.4937837845945392,87.06226723878187,0.13802083333333334,1.0,QPSK,0.1546875,0.0,0.0
267,ml_based,0.4937837845945392,87.06226723878187,0.13802083333333334,1.0,QPSK,0.1546875,0.0,0.0
268,fixed_qpsk,26.269795546895363,4.526854979433413,0.0,0.0,QPSK,0.0,1.0,128.0
268,rule_based,26.269795546895363,4.526854979433413,0.0,0.0,64QAM,0.0,1.0,384.0
268,ml_based,26.269795546895363,4.526854979433413,0.0,0.0,64QAM,0.0,1.0,384.0
269,fixed_qpsk,16.273376585891135,15.661850785416433,0.0,0.0,QPSK,0.0,1.0,128.0
269,rule_based,16.273376585891135,15.661850785416433,0.0,0.0,16QAM,0.00078125,1.0,256.0
269,ml_based,16.273376585891135,15.661850785416433,0.0,0.0,16QAM,0.00078125,1.0,256.0
270,fixed_qpsk,1.3856108563029346,84.93171615507774,0.11197916666666667,1.0,QPSK,0.121875,0.0,0.0
270,rule_based,1.3856108563029346,84.93171615507774,0.11197916666666667,1.0,QPSK,0.121875,0.0,0.0
270,ml_based,1.3856108563029346,84.93171615507774,0.11197916666666667,1.0,QPSK,0.121875,0.0,0.0
271,fixed_qpsk,28.13276778248435,3.9593272974430613,0.0,0.0,QPSK,0.0,1.0,128.0
271,rule_based,28.13276778248435,3.9593272974430613,0.0,0.0,64QAM,0.0,1.0,384.0
271,ml_based,28.13276778248435,3.9593272974430613,0.0,0.0,64QAM,0.0,1.0,384.0
272,fixed_qpsk,29.98309403313554,3.266268112498932,0.0,0.0,QPSK,0.0,1.0,128.0
272,rule_based,29.98309403313554,3.266268112498932,0.0,0.0,64QAM,0.0,1.0,384.0
272,ml_based,29.98309403313554,3.266268112498932,0.0,0.0,64QAM,0.0,1.0,384.0
273,fixed_qpsk,22.119162758617815,8.524432153705252,0.0,0.0,QPSK,0.0,1.0,128.0
273,rule_based,22.119162758617815,8.524432153705252,0.0,0.0,64QAM,0.0010416666666666667,1.0,384.0
273,ml_based,22.119162758617815,8.524432153705252,0.0,0.0,64QAM,0.0010416666666666667,1.0,384.0
274,fixed_qpsk,12.939703614265559,23.13046468541429,0.0,0.0,QPSK,0.0,1.0,128.0
274,rule_based,12.939703614265559,23.13046468541429,0.0,0.0,16QAM,0.01171875,0.8,204.8
274,ml_based,12.939703614265559,23.13046468541429,0.0,0.0,QPSK,0.0,1.0,128.0
275,fixed_qpsk,17.74257846104401,12.694176353429093,0.0,0.0,QPSK,0.0,1.0,128.0
275,rule_based,17.74257846104401,12.694176353429093,0.0,0.0,16QAM,0.00078125,1.0,256.0
275,ml_based,17.74257846104401,12.694176353429093,0.0,0.0,16QAM,0.00078125,1.0,256.0
276,fixed_qpsk,0.3069570647001041,95.265834173918,0.15885416666666666,1.0,QPSK,0.128125,0.0,0.0
276,rule_based,0.3069570647001041,95.265834173918,0.15885416666666666,1.0,QPSK,0.128125,0.0,0.0
276,ml_based,0.3069570647001041,95.265834173918,0.15885416666666666,1.0,QPSK,0.128125,0.0,0.0
277,fixed_qpsk,3.253479690381421,69.54266640517105,0.07552083333333333,1.0,QPSK,0.075,0.0,0.0
277,rule_based,3.253479690381421,69.54266640517105,0.07552083333333333,1.0,QPSK,0.075,0.0,0.0
277,ml_based,3.253479690381421,69.54266640517105,0.07552083333333333,1.0,QPSK,0.075,0.0,0.0
278,fixed_qpsk,9.929983145114642,30.17284829191547,0.0,0.0,QPSK,0.0015625,1.0,128.0
278,rule_based,9.929983145114642,30.17284829191547,0.0,0.0,QPSK,0.0015625,1.0,128.0
278,ml_based,9.929983145114642,30.17284829191547,0.0,0.0,QPSK,0.0015625,1.0,128.0
279,fixed_qpsk,12.338060654658726,24.592047135042254,0.0,0.0,QPSK,0.0,1.0,128.0
279,rule_based,12.338060654658726,24.592047135042254,0.0,0.0,16QAM,0.021875,0.0,0.0
279,ml_based,12.338060654658726,24.592047135042254,0.0,0.0,QPSK,0.0,1.0,128.0
280,fixed_qpsk,22.678464970709367,7.544712783973745,0.0,0.0,QPSK,0.0,1.0,128.0
280,rule_based,22.678464970709367,7.544712783973745,0.0,0.0,64QAM,0.0010416666666666667,1.0,384.0
280,ml_based,22.678464970709367,7.544712783973745,0.0,0.0,64QAM,0.0010416666666666667,1.0,384.0
281,fixed_qpsk,5.121893297647628,56.17927323183389,0.036458333333333336,1.0,QPSK,0.0234375,0.2,25.6
281,rule_based,5.121893297647628,56.17927323183389,0.036458333333333336,1.0,QPSK,0.0234375,0.2,25.6
281,ml_based,5.121893297647628,56.17927323183389,0.036458333333333336,1.0,QPSK,0.0234375,0.2,25.6
282,fixed_qpsk,3.48314208287733,71.28516908091805,0.08072916666666667,1.0,QPSK,0.059375,0.0,0.0
282,rule_based,3.48314208287733,71.28516908091805,0.08072916666666667,1.0,QPSK,0.059375,0.0,0.0
282,ml_based,3.48314208287733,71.28516908091805,0.08072916666666667,1.0,QPSK,0.059375,0.0,0.0
283,fixed_qpsk,20.923917999259174,9.64604247495164,0.0,0.0,QPSK,0.0,1.0,128.0
283,rule_based,20.923917999259174,9.64604247495164,0.0,0.0,64QAM,0.008333333333333333,0.4,153.6
283,ml_based,20.923917999259174,9.64604247495164,0.0,0.0,64QAM,0.008333333333333333,0.4,153.6
284,fixed_qpsk,26.640963599608927,4.742089672637333,0.0,0.0,QPSK,0.0,1.0,128.0
284,rule_based,26.640963599608927,4.742089672637333,0.0,0.0,64QAM,0.0,1.0,384.0
284,ml_based,26.640963599608927,4.742089672637333,0.0,0.0,64QAM,0.0,1.0,384.0
285,fixed_qpsk,26.39001756892721,4.5633964027130745,0.0,0.0,QPSK,0.0,1.0,128.0
285,rule_based,26.39001756892721,4.5633964027130745,0.0,0.0,64QAM,0.0,1.0,384.0
285,ml_based,26.39001756892721,4.5633964027130745,0.0,0.0,64QAM,0.0,1.0,384.0
286,fixed_qpsk,22.25748603094226,7.762465460873553,0.0,0.0,QPSK,0.0,1.0,128.0
286,rule_based,22.25748603094226,7.762465460873553,0.0,0.0,64QAM,0.0015625,1.0,384.0
286,ml_based,22.25748603094226,7.762465460873553,0.0,0.0,64QAM,0.0015625,1.0,384.0
287,fixed_qpsk,29.507019002540126,3.3932821716586576,0.0,0.0,QPSK,0.0,1.0,128.0
287,rule_based,29.507019002540126,3.3932821716586576,0.0,0.0,64QAM,0.0,1.0,384.0
287,ml_based,29.507019002540126,3.3932821716586576,0.0,0.0,64QAM,0.0,1.0,384.0
288,fixed_qpsk,15.662763197723333,16.54799105170844,0.0,0.0,QPSK,0.0,1.0,128.0
288,rule_based,15.662763197723333,16.54799105170844,0.0,0.0,16QAM,0.00078125,1.0,256.0
288,ml_based,15.662763197723333,16.54799105170844,0.0,0.0,16QAM,0.00078125,1.0,256.0
289,fixed_qpsk,23.23406318926438,6.646707232152346,0.0,0.0,QPSK,0.0,1.0,128.0
289,rule_based,23.23406318926438,6.646707232152346,0.0,0.0,64QAM,0.0005208333333333333,1.0,384.0
289,ml_based,23.23406318926438,6.646707232152346,0.0,0.0,64QAM,0.0005208333333333333,1.0,384.0
290,fixed_qpsk,12.515323031642716,23.079726471240853,0.0,0.0,QPSK,0.0,1.0,128.0
290,rule_based,12.515323031642716,23.079726471240853,0.0,0.0,16QAM,0.02421875,0.0,0.0
290,ml_based,12.515323031642716,23.079726471240853,0.0,0.0,QPSK,0.0,1.0,128.0
291,fixed_qpsk,10.597669818497643,28.960867165577508,0.0,0.0,QPSK,0.0,1.0,128.0
291,rule_based,10.597669818497643,28.960867165577508,0.0,0.0,QPSK,0.0,1.0,128.0
291,ml_based,10.597669818497643,28.960867165577508,0.0,0.0,QPSK,0.0,1.0,128.0
292,fixed_qpsk,27.324662764978992,4.327394133010798,0.0,0.0,QPSK,0.0,1.0,128.0
292,rule_based,27.324662764978992,4.327394133010798,0.0,0.0,64QAM,0.0,1.0,384.0
292,ml_based,27.324662764978992,4.327394133010798,0.0,0.0,64QAM,0.0,1.0,384.0
293,fixed_qpsk,12.921210112344083,22.597205300728085,0.0,0.0,QPSK,0.0,1.0,128.0
293,rule_based,12.921210112344083,22.597205300728085,0.0,0.0,16QAM,0.01640625,0.2,51.2
293,ml_based,12.921210112344083,22.597205300728085,0.0,0.0,QPSK,0.0,1.0,128.0
294,fixed_qpsk,22.394131108762082,7.492002994616126,0.0,0.0,QPSK,0.0,1.0,128.0
294,rule_based,22.394131108762082,7.492002994616126,0.0,0.0,64QAM,0.0010416666666666667,1.0,384.0
294,ml_based,22.394131108762082,7.492002994616126,0.0,0.0,64QAM,0.0010416666666666667,1.0,384.0
295,fixed_qpsk,14.910678471012526,17.55552571203409,0.0,0.0,QPSK,0.0,1.0,128.0
295,rule_based,14.910678471012526,17.55552571203409,0.0,0.0,16QAM,0.0078125,0.6,153.6
295,ml_based,14.910678471012526,17.55552571203409,0.0,0.0,16QAM,0.0078125,0.6,153.6
296,fixed_qpsk,3.366387722049539,66.26089175037757,0.052083333333333336,1.0,QPSK,0.0546875,0.0,0.0
296,rule_based,3.366387722049539,66.26089175037757,0.052083333333333336,1.0,QPSK,0.0546875,0.0,0.0
296,ml_based,3.366387722049539,66.26089175037757,0.052083333333333336,1.0,QPSK,0.0546875,0.0,0.0
297,fixed_qpsk,3.806282337196809,66.66355847464477,0.052083333333333336,1.0,QPSK,0.0703125,0.0,0.0
297,rule_based,3.806282337196809,66.66355847464477,0.052083333333333336,1.0,QPSK,0.0703125,0.0,0.0
297,ml_based,3.806282337196809,66.66355847464477,0.052083333333333336,1.0,QPSK,0.0703125,0.0,0.0
298,fixed_qpsk,15.303677589810007,17.151412171312312,0.0,0.0,QPSK,0.0,1.0,128.0
298,rule_based,15.303677589810007,17.151412171312312,0.0,0.0,16QAM,0.003125,1.0,256.0
298,ml_based,15.303677589810007,17.151412171312312,0.0,0.0,16QAM,0.003125,1.0,256.0
299,fixed_qpsk,21.23033693701111,8.999417465206312,0.0,0.0,QPSK,0.0,1.0,128.0
299,rule_based,21.23033693701111,8.999417465206312,0.0,0.0,64QAM,0.0026041666666666665,1.0,384.0
299,ml_based,21.23033693701111,8.999417465206312,0.0,0.0,64QAM,0.0026041666666666665,1.0,384.0
